Variable,Group1,Group2,Test,Statistic,p_value,Cohen_d,Mean_Group1,Mean_Group2,Std_Group1,Std_Group2,median_Group1,median_Group2,MAD_Group1,MAD_Group2,adj_p_value,Significant
duration_min,Control,COBRAD,Mann-Whitney U,41.0,3.827257419129801e-39,8.060901175840325,20.29198570219966,58.712466560193675,4.772025246551459,4.752335910385931,19.086633333333335,59.45263310563915,1.5633333333333326,0.343516967366007,2.2198093030952847e-37,True
number_of_signals,Control,COBRAD,Mann-Whitney U,16154.0,1.6408874578891594e-44,-5.43090653916976,43.34010152284264,28.008390152433982,0.9427846237520968,5.010318297189348,44.0,26.0,0.0,1.0,1.9034294511514248e-42,True
sampling_frequency,Control,COBRAD,Mann-Whitney U,12464.0,1.2491909597948444e-13,-1.652082455480971,431.4720812182741,256.0,126.26650420405136,0.0,500.0,256.0,5.684341886080802e-14,0.0,2.401759414412187e-13,True
overall_pswe_median_percentage,Control,COBRAD,Mann-Whitney U,10654.0,4.631779409815641e-25,-1.7717111993228294,0.398418891296097,0.22185899153267966,0.09910072824979234,0.10061259070079281,0.3885006230499502,0.18888674520509674,0.0575937937987501,0.02429626502617921,1.6617105511503536e-24,True
overall_pswe_events_per_minute,Control,COBRAD,Mann-Whitney U,978.0,3.8114656114269933e-31,1.4808288689203306,0.1207714704986253,0.6663403695805606,0.3637974934655659,0.37937668088188087,0.0095826235093696,0.6394694201260214,0.0095826235093696,0.20983678394206576,3.490500086254194e-30,True
overall_pswe_avg_length,Control,COBRAD,Mann-Whitney U,1830.0,1.6609399488077044e-24,1.063575498316471,4.380993850981705,7.146611203408015,3.011020787872544,1.0884952810147206,5.5,7.220938355717536,0.6521739130434785,0.601680377034882,5.692952614318464e-24,True
overall_min,Control,COBRAD,Mann-Whitney U,12989.0,1.2449872455693507e-15,-0.9358294699116663,-9.903273497194665e-05,-0.00018571764091253337,5.2393192877219036e-05,0.00015066375835499508,-8.411368571415058e-05,-0.0001431757099529282,2.4346100088549414e-05,4.163950092165106e-05,2.6257912815644486e-15,True
overall_max,Control,COBRAD,Mann-Whitney U,2702.0,2.0580731078676137e-18,1.0229838517098895,9.265497466908514e-05,0.0001876515813066941,5.1788489568781056e-05,0.00015165754920223558,7.750395150692976e-05,0.00014660603474257012,2.2118418262649742e-05,4.349033391265165e-05,4.9736766773467335e-18,True
overall_mean,Control,COBRAD,Mann-Whitney U,7325.0,0.2209318833377727,0.16241994509485072,-5.47534576848499e-10,1.6827333555355825e-09,1.5063756486643477e-08,9.783916249875613e-09,-1.010610974628175e-10,4.3105092085358e-10,1.8298607396316645e-09,2.7398600134183002e-09,0.2351201694236847,False
overall_median,Control,COBRAD,Mann-Whitney U,9615.0,0.01226932727930442,-0.2641153327246418,1.7820269812286147e-08,7.747195617057913e-09,3.682933218940549e-08,4.1135668116967976e-08,1.2441419894029864e-08,6.215405870043788e-09,1.786788291571576e-08,1.4317276980946382e-08,0.014522877187748088,True
overall_std,Control,COBRAD,Mann-Whitney U,3481.0,7.142954825046677e-14,0.7314656309025723,7.032533511078435e-06,1.1663748384111064e-05,2.5170181291940254e-06,1.1034359921355728e-05,6.432473984699381e-06,9.220933627095905e-06,1.4082232653358438e-06,2.275586643689454e-06,1.4043775588227366e-13,True
overall_psd_mean,Control,COBRAD,Mann-Whitney U,3001.0,1.3731797964211212e-16,0.3312536253235694,1.158653794002747e-12,7.94576281306134e-12,1.017841316395835e-12,3.7856638807820577e-11,8.251010099224824e-13,2.06644476574346e-12,3.395769170148696e-13,1.1335042834020788e-12,3.043736109264651e-16,True
overall_psd_std,Control,COBRAD,Mann-Whitney U,1875.0,5.4630567703959104e-24,0.316348905950258,4.284141517613185e-12,6.109756745153936e-11,4.213560522352522e-12,3.320453647261272e-10,2.857514114298589e-12,1.1408695379297378e-11,1.3055499367969482e-12,6.7970093279602604e-12,1.793531845375261e-23,True
overall_fft_mean,Control,COBRAD,Mann-Whitney U,1283.0,1.847406453866485e-28,1.6866847869437005,0.002441310390027777,0.005500189948962897,0.0008791916279955221,0.0030621841173228688,0.0022109078416909,0.004833771747136115,0.0004524135434439999,0.0011970479060238815,1.0369313644282852e-27,True
overall_fft_std,Control,COBRAD,Mann-Whitney U,1294.0,2.255732255195067e-28,0.8951289057557197,0.003540443334134731,0.009165210927002078,0.0015882778982651473,0.011354586685782911,0.0031524571968673,0.007027430249764589,0.0008647375416298004,0.0018041439382043092,1.2265544137623176e-27,True
overall_delta_power,Control,COBRAD,Mann-Whitney U,1171.0,2.375025310240689e-29,1.1009250066410277,1.012300425124162e-11,5.616953205921951e-11,1.1512544434187636e-11,7.52439772762231e-11,6.75102290393912e-12,2.9702598426976886e-11,2.6571104251704675e-12,1.553267651829388e-11,1.5594505810636976e-28,True
overall_theta_power,Control,COBRAD,Mann-Whitney U,4077.0,7.296002013732652e-11,0.6023605948272014,1.0754753773318205e-11,2.3040475147726982e-11,1.2977970046768707e-11,3.185980335003177e-11,6.013892891000523e-12,1.308679236663675e-11,3.3518609803162163e-12,6.2941253628402924e-12,1.250743202354169e-10,True
overall_alpha_power,Control,COBRAD,Mann-Whitney U,6876.0,0.05053687359034538,0.1970783705766255,1.0285517086809199e-11,1.2929810472138038e-11,1.1018823638378216e-11,1.794045971567137e-11,6.460280100979331e-12,8.33721171225778e-12,3.2843013962089485e-12,3.5911252124124274e-12,0.05618796169150221,False
overall_beta_power,Control,COBRAD,Mann-Whitney U,5243.0,3.926313648803547e-06,0.6414015423602462,1.08823932566598e-11,2.5189979083395386e-11,8.994873439135676e-12,3.8805442665085374e-11,7.903960880901917e-12,1.3084126865458239e-11,3.717196770950018e-12,6.828678015963641e-12,5.646103924725762e-06,True
overall_gamma_power,Control,COBRAD,Mann-Whitney U,2332.0,8.224757034954801e-21,0.268743543742175,7.102496054649872e-12,1.6104924341632637e-10,7.024719540007458e-12,1.059270178269329e-09,5.213614601221535e-12,1.8263868055281424e-11,2.111465040143246e-12,1.0676998655563378e-11,2.1683450364880842e-20,True
overall_skewness,Control,COBRAD,Mann-Whitney U,7443.0,0.30214058998803517,-0.04574874839953639,-0.009998005705927304,-0.013218896262014302,0.07414813389746092,0.06039083339221606,-0.0193189680143571,-0.010664945034384747,0.026922924111255502,0.02664129015045081,0.31862098580556436,False
overall_kurtosis,Control,COBRAD,Mann-Whitney U,1044.0,2.228965723372044e-30,0.8124461409080554,1.4985209820286214,3.8032560689167743,3.0156620268838688,2.348230767142971,1.0217147422105912,3.035172407369693,0.3049061512811797,0.7797424708103413,1.616000149444732e-29,True
overall_mpf_mean,Control,COBRAD,Mann-Whitney U,8910.0,0.17510302186658377,-0.07026510181535014,10.44832021180322,10.291605624830703,2.0563566726325004,2.603650780672322,10.340551118042132,9.927626660815042,1.3470488110793237,1.1055089962068854,0.1880736160789233,False
overall_mpf_median,Control,COBRAD,Mann-Whitney U,9601.0,0.01308312408043432,-0.1773988141074878,10.380630993032304,9.972949494664466,2.073088932841087,2.76791689455506,10.225325767487575,9.614271205648752,1.2505188121360629,1.3332808753036876,0.015381510743213323,True
overall_df_mean,Control,COBRAD,Mann-Whitney U,11392.0,6.71236657611228e-08,-0.4306363172191544,6.522888951307863,5.567949544753556,1.8185475128956496,2.968785973787446,6.362907608695652,4.973626787256481,1.2609468243819268,1.0321539719768413,1.0245191089855586e-07,True
overall_dfv_std,Control,COBRAD,Mann-Whitney U,5034.0,7.20824137503344e-07,0.5384711455718298,4.704411422806328,5.5495661750197876,1.58256555175231,1.5375827226495093,4.447952852478858,5.412721396311557,0.9171895626716706,0.8594937452996763,1.058425315827695e-06,True
min_EEG F3,Control,COBRAD,Mann-Whitney U,13668.0,8.556497091096537e-20,-1.0439028637576389,-4.7224717716618376e-05,-0.00010212603396593386,2.4538178814971854e-05,8.945334512833045e-05,-3.962812578805617e-05,-7.881269383197136e-05,1.0557657041143705e-05,2.205703240077555e-05,2.205674805704885e-19,True
max_EEG F3,Control,COBRAD,Mann-Whitney U,3443.0,4.4501940993497676e-14,0.8928832470887552,5.4189180807449314e-05,0.00010081917528201792,2.9199720497190924e-05,8.522755213269607e-05,4.5560047269798235e-05,7.803663363553457e-05,1.2299880310760761e-05,2.4735008656830108e-05,8.900388198699535e-14,True
mean_EEG F3,Control,COBRAD,Mann-Whitney U,7994.0,0.8931043272095454,0.024265099609550367,-7.014872746810616e-09,-5.863482450090232e-09,5.323161825192568e-08,2.903634176599912e-08,-4.145200737494859e-09,-2.5481554653318268e-09,1.813521343453443e-08,8.870766821632491e-09,0.8931043272095454,False
median_EEG F3,Control,COBRAD,Mann-Whitney U,3698.0,9.9091159414419e-13,0.789983334844604,-1.0897826582415786e-07,7.846873555536246e-10,1.4160633500711008e-07,1.322780580077756e-07,-9.658043984510889e-08,-4.890439556713823e-09,7.016455138809342e-08,4.69541292585407e-08,1.8342406104371174e-12,True
std_EEG F3,Control,COBRAD,Mann-Whitney U,4739.0,5.443873392189921e-08,0.5380374480264771,7.202259497147489e-06,1.2031561676984122e-05,2.78779184485224e-06,1.6022013750125045e-05,6.557024275386156e-06,9.125420174744407e-06,1.5893432413179955e-06,2.4108729262621905e-06,8.419857513253745e-08,True
psd_mean_EEG F3,Control,COBRAD,Mann-Whitney U,3773.0,2.3899657213068604e-12,0.2779624646605538,1.1997673569405194e-12,1.3721681526672001e-11,1.0755448788449656e-12,8.32902840995136e-11,8.299548546985378e-13,2.1535405491362603e-12,4.0125983229756947e-13,1.196302083195592e-12,4.354492518402029e-12,True
psd_std_EEG F3,Control,COBRAD,Mann-Whitney U,3625.0,4.1472489419063995e-13,0.2424934005012608,2.7282708370792116e-12,5.1918049037486984e-11,2.786661307363421e-12,3.75096763621614e-10,1.7214022633249366e-12,4.997339220143844e-12,8.134754012143258e-13,2.844306781134669e-12,7.886571758379383e-13,True
fft_mean_EEG F3,Control,COBRAD,Mann-Whitney U,2099.0,2.1123109883208543e-22,1.4038974833826168,0.0026106467418045695,0.005792589633035686,0.0010933227388069294,0.0038307945349563433,0.0022579127579661,0.004641109174861617,0.0005428274630236,0.0012573250167477673,5.976294503541929e-22,True
fft_std_EEG F3,Control,COBRAD,Mann-Whitney U,1964.0,2.3712011755800188e-23,0.6505819216618618,0.003522649940520067,0.009336048416717162,0.001662920985004247,0.016320666566211894,0.0031304964940354,0.006678165508908091,0.0009633245934925999,0.0018358333740621713,7.238403588612689e-23,True
delta_power_EEG F3,Control,COBRAD,Mann-Whitney U,2089.0,1.7993521259957692e-22,0.8322761834874389,1.1991807619767762e-11,7.118316883991038e-11,1.5768739562310776e-11,1.2921125042241516e-10,8.127292349015661e-12,2.9830703672127637e-11,3.6701373200904646e-12,1.6603014145050348e-11,5.132578195463341e-22,True
theta_power_EEG F3,Control,COBRAD,Mann-Whitney U,4468.0,4.1631677221528955e-09,0.6388188387229661,1.0684679092552905e-11,2.7946843472463353e-11,1.2676243386593992e-11,4.5915592133650004e-11,5.716351053494057e-12,1.3870987100573457e-11,3.2652531775008952e-12,7.592660653946142e-12,6.89896365385337e-09,True
alpha_power_EEG F3,Control,COBRAD,Mann-Whitney U,6423.0,0.007076037555509332,0.35633923169770526,9.66067450340993e-12,1.5252615568662573e-11,1.0622963871882958e-11,2.385567929323674e-11,5.606629985027643e-12,7.938418840332324e-12,3.1520381793983456e-12,3.8258445145564384e-12,0.008520626537429923,True
beta_power_EEG F3,Control,COBRAD,Mann-Whitney U,5326.0,7.462427040276738e-06,0.6783768160023996,1.049124021301555e-11,2.869791654211343e-11,9.124249515849361e-12,4.7558728875745366e-11,6.708180008048335e-12,1.2414092045330502e-11,3.2893043390234605e-12,6.814634695186909e-12,1.0643133647607807e-05,True
gamma_power_EEG F3,Control,COBRAD,Mann-Whitney U,3428.0,3.6881643808291424e-14,0.2369707110976546,8.393162379379734e-12,3.076164653959881e-10,1.1962924380138665e-11,2.3349862327284478e-09,5.203533998368426e-12,1.6824617703162053e-11,2.3691119612393623e-12,1.0546289422430665e-11,7.41896650016498e-14,True
skewness_EEG F3,Control,COBRAD,Mann-Whitney U,12219.0,1.5225497972429506e-11,-0.7941872869212693,0.12490257341383963,-0.0015304742726465353,0.17217005969749893,0.12224016702856007,0.1093388352998329,0.003390977723202443,0.0672814452169652,0.07136751158590347,2.7033027012272797e-11,True
kurtosis_EEG F3,Control,COBRAD,Mann-Whitney U,1426.0,2.416574511068887e-27,1.0411117792584015,1.1056145905748107,3.076281478628258,1.7393404401698431,2.2208237370774193,0.8260574693970094,2.5174881908624416,0.3803595248859112,0.7653599999218167,1.1520108628109214e-26,True
mean_mpf_EEG F3,Control,COBRAD,Mann-Whitney U,8869.0,0.19732630508618332,-0.0844227909233522,10.462657682349885,10.25261037810746,2.387792490444192,2.7153451065348095,10.271673999776247,9.803728875607334,1.5229713534853762,1.3644212091848917,0.2106428042024288,False
median_mpf_EEG F3,Control,COBRAD,Mann-Whitney U,9404.0,0.030724539602496125,-0.17914487145043514,10.46571101248003,10.00276043476101,2.4713608166869547,2.838821787698261,10.2937574436355,9.471560584932048,1.4389034145888715,1.4939861767745448,0.03494163327342697,True
pswe_percentage_EEG F3,Control,COBRAD,Mann-Whitney U,1403.5,3.3175695426448327e-29,0.6957503145148376,2.653362000780668,9.339678074447512,10.663939441161059,6.376731951843233,0.0,8.745595716785452,0.0,4.154568510823071,2.0991167288007305e-28,True
pswe_events_per_minute_EEG F3,Control,COBRAD,Mann-Whitney U,1531.5,3.6934271852840705e-28,1.190673818092991,0.15314571415190958,0.6324234379192846,0.40980166878843616,0.38435292704729285,0.0,0.5965415250747365,0.0,0.2177738157669099,1.9183771051923235e-27,True
pswe_avg_length_EEG F3,Control,COBRAD,Mann-Whitney U,4180.0,5.627517456907731e-11,0.7315936172631005,3.002875974277358,5.665448769914347,4.197912698158761,1.629039395445409,0.0,5.7502012365506765,0.0,1.0469953310018538,9.841085804039649e-11,True
dfv_mean_EEG F3,Control,COBRAD,Mann-Whitney U,10254.0,0.0003924428993114167,-0.25870695920351994,6.129864900913759,5.506419512592495,2.0883268053967083,3.0507402110358433,5.866523605150214,4.79382181644851,1.3246121289218067,1.2744388520031076,0.000521260034199897,True
dfv_std_EEG F3,Control,COBRAD,Mann-Whitney U,6323.0,0.004288451276364496,0.19879718897360493,5.051608536067719,5.444944059940466,2.07160987522725,1.7329169652785696,4.5467851717569285,5.136536487121148,1.0276734997419097,1.0471948452359827,0.005236424716402963,True
min_EEG F4,Control,COBRAD,Mann-Whitney U,14552.0,5.31425508568164e-26,-1.1334020626176635,-4.633384508256114e-05,-0.00011170250434853906,2.810437033575111e-05,9.728373067332031e-05,-3.965696915568737e-05,-8.684351828649977e-05,1.0164832439631447e-05,2.6947236558765196e-05,2.077933449232821e-25,True
max_EEG F4,Control,COBRAD,Mann-Whitney U,2672.0,1.3329353559478535e-18,1.000530470291845,5.3864788619263545e-05,0.00010938294101031744,2.786546753093519e-05,9.30081276347618e-05,4.646700795716581e-05,8.585122234398102e-05,1.251708266625536e-05,2.6026402573702443e-05,3.289797899786192e-18,True
mean_EEG F4,Control,COBRAD,Mann-Whitney U,5945.0,0.0005169473724271464,0.2528483749430791,-2.669817433538402e-09,7.186285347266426e-09,4.3039304990331424e-08,2.6718562584136696e-08,-5.069479959476698e-09,5.1349070727417695e-09,1.7620813060516053e-08,1.2749412569252874e-08,0.0006687646305005464,True
median_EEG F4,Control,COBRAD,Mann-Whitney U,3480.0,7.05490238425237e-14,0.8015120392839,-9.145946448299873e-08,4.1260837541423293e-08,1.3662979472024955e-07,2.2044417270080046e-07,-8.414976448321583e-08,1.3162528298497154e-08,6.203998220645795e-08,5.0806444134459765e-08,1.3949466077953547e-13,True
std_EEG F4,Control,COBRAD,Mann-Whitney U,4404.0,2.2065744329199453e-09,0.6694458695455598,7.256223943755068e-06,1.0553064273706205e-05,2.7936216693054773e-06,8.003413662047026e-06,6.524291211838733e-06,8.742446378021652e-06,1.5192614614124905e-06,2.1693548540827795e-06,3.709603394474111e-09,True
psd_mean_EEG F4,Control,COBRAD,Mann-Whitney U,3667.0,6.857008480819486e-13,0.39224838461251377,1.228867545512267e-12,5.773254924316561e-12,1.0393796574548378e-12,2.1363448618530905e-11,8.177982919052961e-13,1.8986212076086837e-12,3.5132163323865487e-13,9.902368491760385e-13,1.2829241673791296e-12,True
psd_std_EEG F4,Control,COBRAD,Mann-Whitney U,3660.0,6.307795758821645e-13,0.2898407087011453,2.7796687955285412e-12,1.717740329193756e-11,2.681337658481605e-12,9.176646756474798e-11,1.7498135925137734e-12,4.088130236084267e-12,7.823366734657898e-13,1.902363906991264e-12,1.1865475265242877e-12,True
fft_mean_EEG F4,Control,COBRAD,Mann-Whitney U,1510.0,1.0671631990162764e-26,1.4371834725737973,0.002579791210938028,0.005584047196030327,0.0010555347558659357,0.0034996061760919333,0.0023815139075599,0.004871094849973204,0.00053893822428,0.0012497700985872808,4.6421599157208025e-26,True
fft_std_EEG F4,Control,COBRAD,Mann-Whitney U,1782.0,1.1523625866328946e-24,0.9362207587837948,0.003602720067645918,0.007819544761107666,0.001702951267426219,0.007896747466857982,0.0031706822819321,0.006334736635546609,0.0008155563342844003,0.0014440029780587683,4.010221801482473e-24,True
delta_power_EEG F4,Control,COBRAD,Mann-Whitney U,1965.0,2.4103512258345566e-23,0.8568477958822367,1.1841536415749464e-11,4.578888702222766e-11,1.1635422165814086e-11,7.099465756119616e-11,8.482089650417353e-12,2.5633219090345623e-11,3.3963514759236738e-12,1.2193140624095475e-11,7.248936469575284e-23,True
theta_power_EEG F4,Control,COBRAD,Mann-Whitney U,4667.0,2.8009817161162248e-08,0.3528534646955326,1.105260019366065e-11,2.2356611630736545e-11,1.2704049389691244e-11,5.5849605783189026e-11,5.9663804978479945e-12,1.2438184711970893e-11,2.9446465578745102e-12,5.059319689145619e-12,4.410595643477132e-08,True
alpha_power_EEG F4,Control,COBRAD,Mann-Whitney U,6711.0,0.026138629637023948,0.18603728739571612,9.937660396019731e-12,1.4008739338461068e-11,1.0627635702316342e-11,3.693669631034665e-11,6.219267028750507e-12,7.925685995395908e-12,3.3679477947150485e-12,4.0635208417475326e-12,0.03002060433559186,True
beta_power_EEG F4,Control,COBRAD,Mann-Whitney U,5197.0,2.7297719658419333e-06,0.4393333054797345,1.096250255184505e-11,2.7580439080167448e-11,9.437202498669418e-12,6.839101678931443e-11,7.446189397160698e-12,1.4406083963542504e-11,3.947615006011331e-12,7.668104432145262e-12,3.958169350470803e-06,True
gamma_power_EEG F4,Control,COBRAD,Mann-Whitney U,2378.0,1.6664208529519114e-20,0.31644954252461815,7.83612898439166e-12,1.0709125557984261e-10,1.3131333074235686e-11,5.796640597427577e-10,5.177478320211512e-12,1.7974087560313708e-11,2.332487704271423e-12,1.1036893935842531e-11,4.360259073889212e-20,True
skewness_EEG F4,Control,COBRAD,Mann-Whitney U,12684.0,6.231028198181094e-14,-0.9240617558683286,0.10676001080656512,-0.01746491959071938,0.13745192691364233,0.1268330796894906,0.0926924928643734,-0.024561368403318892,0.07447422627157982,0.06338070134925886,1.239084464552583e-13,True
kurtosis_EEG F4,Control,COBRAD,Mann-Whitney U,1029.0,1.6808130555522397e-30,1.1509825501956743,1.0449158854876073,4.063731570886129,1.3315565878480204,4.38574042615764,0.6991864780104438,2.862179513639579,0.30137206706732794,0.9026195860979961,1.2445169007067648e-29,True
mean_mpf_EEG F4,Control,COBRAD,Mann-Whitney U,7614.0,0.45125367555498574,0.1467791871323502,10.292734853093357,10.641601383610459,2.2266087626741444,2.705987823575815,10.13145559368908,10.181127614379468,1.3634302751347107,1.26817537057243,0.4687650122183135,False
median_mpf_EEG F4,Control,COBRAD,Mann-Whitney U,8250.0,0.7787330545489485,0.04773282555441577,10.307886999094853,10.42529953739007,2.280473764344094,2.8473330682371696,10.10086557628192,9.97344762074049,1.3882831339915658,1.4183992670010461,0.7809772420260348,False
pswe_percentage_EEG F4,Control,COBRAD,Mann-Whitney U,1430.0,7.593333124024622e-29,0.8258978686818924,2.2549868176916195,8.781921265101785,8.436424671102591,6.431039666908883,0.0,8.034360358872744,0.0,3.574749236879981,4.404133211934281e-28,True
pswe_events_per_minute_EEG F4,Control,COBRAD,Mann-Whitney U,1582.0,1.2876836246644958e-27,1.0331059740116773,0.15387872887498014,0.5780228236020483,0.42635772481180445,0.3695206951000263,0.0,0.5631528867049496,0.0,0.18051745879959932,6.401627162617779e-27,True
pswe_avg_length_EEG F4,Control,COBRAD,Mann-Whitney U,4554.0,3.4528073959899196e-09,0.8594528649559129,2.9311442911320116,5.522812320194992,3.4193208578113627,1.6748689025467844,0.0,5.654266324324508,0.0,1.2101194373857154,5.776812374060058e-09,True
dfv_mean_EEG F4,Control,COBRAD,Mann-Whitney U,9227.0,0.061162066901049444,-0.056956610603028604,6.083049029734138,5.940759129185779,2.1483997113377247,3.1897170615594788,5.86612702366127,5.195890473777352,1.279796088409471,1.2941867801957823,0.06714321539925933,False
dfv_std_EEG F4,Control,COBRAD,Mann-Whitney U,5103.0,1.2771359059991551e-06,0.4698075185642116,4.833252824286527,5.701090639471238,1.8906930297717224,1.7375312733749895,4.442697014750326,5.5845006710384375,0.9585444703102475,0.9235946917978723,1.8674088037298571e-06,True
min_EEG C3,Control,COBRAD,Mann-Whitney U,14451.0,3.0180436881974733e-25,-1.3472937455249783,-4.037152194995645e-05,-9.894121919237993e-05,2.424334433092491e-05,7.099680666331157e-05,-3.407515036023632e-05,-7.848742418064865e-05,1.063721754500071e-05,2.3967565804837234e-05,1.1173183015880008e-24,True
max_EEG C3,Control,COBRAD,Mann-Whitney U,2244.0,2.0977083933906703e-21,1.1431192292466643,4.464495029741284e-05,0.00010112178265580587,2.6005378236534896e-05,8.192064292073133e-05,3.829595858178993e-05,8.169037595457572e-05,1.2470783262970096e-05,2.5353663376601334e-05,5.7031446945308846e-21,True
mean_EEG C3,Control,COBRAD,Mann-Whitney U,8733.0,0.28566138138629626,0.004442384356552183,-5.3472252738751155e-09,-4.998747052841444e-09,9.102219510565259e-08,3.155226089409352e-08,3.846219372450165e-10,-1.988290358619983e-09,1.082983127307908e-08,1.1036183893459702e-08,0.3021585432292739,False
median_EEG C3,Control,COBRAD,Mann-Whitney U,6359.0,0.005150159655736365,0.1118347134446768,-4.652376572603345e-08,-3.165290274037153e-08,1.1927247073331096e-07,1.6137887764995332e-07,-3.5167029253459355e-08,-6.87379514412619e-09,3.7838294800013896e-08,3.8697878083198026e-08,0.006266627832854038,True
std_EEG C3,Control,COBRAD,Mann-Whitney U,3148.0,9.938888920745023e-16,1.009064415480647,5.943260465030922e-06,1.0579038360743493e-05,2.545877055537398e-06,7.516246180624104e-06,5.331234092106355e-06,9.089654432331674e-06,1.3918687120530422e-06,2.5877840963534376e-06,2.1089837465971147e-15,True
psd_mean_EEG C3,Control,COBRAD,Mann-Whitney U,2567.0,2.8606126743883473e-19,0.5576242166727449,8.71021319356712e-13,5.576430032427493e-12,8.980657410528214e-13,1.5541958479296143e-11,5.435031109981906e-13,1.9370722343563635e-12,2.6505401515051964e-13,1.1973303836551722e-12,7.213718918022788e-19,True
psd_std_EEG C3,Control,COBRAD,Mann-Whitney U,2331.0,8.098968974322083e-21,0.3945748407786582,1.827244926215517e-12,1.6144561828607782e-11,2.1196433415061718e-12,6.70200387596724e-11,1.0427659763559248e-12,4.026633392741461e-12,5.573376836079266e-13,2.309600999441618e-12,2.1514818344000648e-20,True
fft_mean_EEG C3,Control,COBRAD,Mann-Whitney U,1152.0,1.6715193721091352e-29,1.7887145459060654,0.0021415245942981932,0.0055153056596160335,0.0009422398077622439,0.0031650698457735896,0.0019019628001964,0.004716469855031586,0.0004361704318121,0.0015235155784759395,1.140566159792116e-28,True
fft_std_EEG C3,Control,COBRAD,Mann-Whitney U,1302.0,2.607795081202914e-28,1.2107244332026637,0.00291892797278057,0.007905045584872854,0.0015703713477665257,0.007213382446847748,0.0024733500193868,0.006391482075638189,0.0007531670966212998,0.0018074077358074033,1.396173366551714e-27,True
delta_power_EEG C3,Control,COBRAD,Mann-Whitney U,1004.0,1.0486748808829465e-30,1.039314008636844,7.1824597944846565e-12,5.970894447975946e-11,9.711874885209899e-12,9.223158960771431e-11,4.160526549865703e-12,2.415108538896183e-11,1.8051955499797828e-12,1.4542036509949584e-11,8.294064966983304e-30,True
theta_power_EEG C3,Control,COBRAD,Mann-Whitney U,3373.0,1.843071013994848e-14,0.7672116882482239,7.941239036728845e-12,2.404383449391659e-11,1.134883681931027e-11,3.456587921070466e-11,3.6192228814266017e-12,1.203020040655221e-11,2.1879555488579913e-12,6.384780830964818e-12,3.7728747815894536e-14,True
alpha_power_EEG C3,Control,COBRAD,Mann-Whitney U,5383.0,1.148132589081355e-05,0.4606981924861214,7.519358947022646e-12,1.3399429821480543e-11,9.284250970859846e-12,1.8668575003954518e-11,3.873136878097103e-12,7.55194160196264e-12,2.3960170346018084e-12,4.0320407783481475e-12,1.624187565041917e-05,True
beta_power_EEG C3,Control,COBRAD,Mann-Whitney U,4480.0,4.683884835852102e-09,0.7709059414700216,8.802281478900396e-12,2.6222627932481075e-11,8.685123968773483e-12,3.9543914274415e-11,5.3287866666813185e-12,1.208578544904415e-11,2.756673803791408e-12,6.905603373297436e-12,7.688641145644016e-09,True
gamma_power_EEG C3,Control,COBRAD,Mann-Whitney U,2198.0,1.0187234724959882e-21,0.37394406720812423,5.621318038650622e-12,9.02949605084194e-11,6.713993006004885e-12,4.1860445173803536e-10,3.4329977310592393e-12,1.6953940680910646e-11,1.5422455615733126e-12,1.1201662394261514e-11,2.7914627435323137e-21,True
skewness_EEG C3,Control,COBRAD,Mann-Whitney U,10072.0,0.0011594587038060787,-0.3110835368830163,0.07155535528454787,0.029531126578991474,0.1379871418977674,0.12780766541132382,0.0589922684232104,0.013476694852702326,0.0547277704939545,0.05234644797743925,0.0014725971858558955,True
kurtosis_EEG C3,Control,COBRAD,Mann-Whitney U,1419.0,2.133455855136295e-27,0.9589967770977111,1.1775488599761716,3.2174546805531232,1.880876350776452,2.6292335682380075,0.6785202695926689,2.381715379844315,0.30204194631822245,0.6135658511574407,1.0456938557569446e-26,True
mean_mpf_EEG C3,Control,COBRAD,Mann-Whitney U,9842.0,0.00405254045514683,-0.2967999694651295,11.093191939384855,10.343673305610999,2.5114091847683353,2.5587103142536582,11.125879655043468,10.038939813362992,1.7164195178494275,1.127616720130308,0.0049657890084193555,True
median_mpf_EEG C3,Control,COBRAD,Mann-Whitney U,10250.0,0.0004022563773660945,-0.371238008905061,11.079527775598264,10.110476665830511,2.5760694673102873,2.6914049522676033,10.900261413165204,9.7017396539785,1.6335656402693228,1.2633175380954826,0.000524289210949067,True
pswe_percentage_EEG C3,Control,COBRAD,Mann-Whitney U,841.0,1.472202387135081e-36,1.0969093151270684,1.5271787440507123,8.87994223009469,6.999258103326456,5.925790149454424,0.0,8.041005280123215,0.0,3.643510109117887,3.9409725440231396e-35,True
pswe_events_per_minute_EEG C3,Control,COBRAD,Mann-Whitney U,926.0,9.59173215021245e-36,1.3449804211281515,0.1059699752120015,0.5990750702482865,0.37706513434383954,0.3400433151352374,0.0,0.5720329383332219,0.0,0.2015432054819014,1.8544015490410737e-34,True
pswe_avg_length_EEG C3,Control,COBRAD,Mann-Whitney U,2555.0,5.4897120966612685e-22,1.4769434878726388,1.8030861262147613,5.74409203601043,3.0240971375013275,1.489954506744356,0.0,6.022989312860387,0.0,0.9362423079192448,1.5406611368049366e-21,True
dfv_mean_EEG C3,Control,COBRAD,Mann-Whitney U,11813.0,1.1690227485666184e-09,-0.5797118067968452,7.0300219133292225,5.50678701736158,2.4875717956148966,2.9388744373285673,6.786350148367953,5.075058445457324,1.359285928184467,1.1338485817387585,1.9748539635979767e-09,True
dfv_std_EEG C3,Control,COBRAD,Mann-Whitney U,6551.0,0.012964019142084652,0.14949203062884525,5.234421461733524,5.532791698697319,2.1536941257998747,1.5489106644913877,4.687791067181431,5.451898730899996,1.101812284762436,0.9848682468315593,0.01529314800489986,True
min_EEG C4,Control,COBRAD,Mann-Whitney U,14257.0,7.868089196629084e-24,-1.1602215099270234,-3.963140340869582e-05,-9.55764716636468e-05,1.980219159966539e-05,8.36804679165481e-05,-3.5346921333351446e-05,-7.415189212797145e-05,1.0971058941906132e-05,2.1779010245234195e-05,2.5589673275017959e-23,True
max_EEG C4,Control,COBRAD,Mann-Whitney U,2647.0,9.26438733265368e-19,1.0265343250206418,4.481948759377435e-05,9.48760525444237e-05,2.45252814794404e-05,8.170697323541666e-05,3.88836223031115e-05,7.18526982711273e-05,1.2959359523536588e-05,2.4179731310615445e-05,2.3028619941167716e-18,True
mean_EEG C4,Control,COBRAD,Mann-Whitney U,6723.0,0.02748216681959629,0.16031940027657895,-4.699139941612548e-09,3.989650807397672e-09,6.242011361016696e-08,2.483518915180358e-08,-2.744834268531841e-09,3.235643225259896e-09,1.1047605040893024e-08,9.253241725598402e-09,0.0314598488592747,True
median_EEG C4,Control,COBRAD,Mann-Whitney U,5720.0,0.00012388863481804771,0.37157307316277816,-3.854770736873916e-08,-1.0464974377987705e-09,1.0159124946175164e-07,9.929619394871378e-08,-3.3687858710062576e-08,2.0900563327286737e-09,4.0573513914321016e-08,3.7812001282807756e-08,0.0001664604050837089,True
std_EEG C4,Control,COBRAD,Mann-Whitney U,3895.0,9.699886253122457e-12,0.7715417675571979,6.153729496893487e-06,9.677978405677485e-06,2.3887185077473063e-06,7.5858695754253765e-06,5.597816637178462e-06,7.844711230727546e-06,1.4723544327460585e-06,2.0655698836524588e-06,1.7310566236341615e-11,True
psd_mean_EEG C4,Control,COBRAD,Mann-Whitney U,3287.0,6.1318324628950655e-15,0.38171249765664167,9.324730042105207e-13,5.338766288332887e-12,8.789321742519793e-13,2.1303050192555685e-11,6.260119090481702e-13,1.6325987260243077e-12,2.856484743085651e-13,7.612492813152468e-13,1.277771076100289e-14,True
psd_std_EEG C4,Control,COBRAD,Mann-Whitney U,2975.0,9.619037843334528e-17,0.30004053952147475,1.9638356631069904e-12,1.7146375577759506e-11,2.1047765847026455e-12,9.351814208582114e-11,1.2378335176665812e-12,3.6445773839529796e-12,6.107526567154411e-13,1.9979178940376143e-12,2.1736527074548153e-16,True
fft_mean_EEG C4,Control,COBRAD,Mann-Whitney U,1435.0,2.8359351821398087e-27,1.6100751603512198,0.002160744579818789,0.004992848898688089,0.0008389598839776856,0.002979548162995191,0.0019879472310806,0.004315510933538519,0.0005361441554459999,0.0012788546392841994,1.333656004573856e-26,True
fft_std_EEG C4,Control,COBRAD,Mann-Whitney U,1609.0,5.999226330138534e-26,0.987466993208904,0.0030699816390123693,0.007334938480216351,0.0015086548497079096,0.007634553215488655,0.0026672943876711,0.005874482266465904,0.0007433763168666998,0.0015126129368811612,2.3197008476535663e-25,True
delta_power_EEG C4,Control,COBRAD,Mann-Whitney U,1360.0,7.425631170618391e-28,0.6584495424709051,7.662360622032718e-12,4.837152653445868e-11,8.991342856246935e-12,1.1347307907422198e-10,4.710131542137388e-12,2.2689708981796735e-11,1.8901950518803743e-12,1.1453478217885194e-11,3.745100938224927e-27,True
theta_power_EEG C4,Control,COBRAD,Mann-Whitney U,4062.0,6.198333264834772e-11,0.4938893852272556,8.516449513951421e-12,1.9777360764486497e-11,1.1032286587552554e-11,3.851346113619908e-11,4.3001978302970136e-12,1.0421347562289273e-11,2.3215942491527013e-12,4.7505622606474135e-12,1.0678316713675745e-10,True
alpha_power_EEG C4,Control,COBRAD,Mann-Whitney U,6445.0,0.007874349631053545,0.22192699882240927,8.126805399857928e-12,1.0884280160990388e-11,9.470586224242272e-12,1.7633017155321657e-11,4.6118393717022356e-12,6.447282371024922e-12,2.579304644665294e-12,2.9652029019802397e-12,0.009449219557264254,True
beta_power_EEG C4,Control,COBRAD,Mann-Whitney U,5567.0,4.360289492618315e-05,0.5202798992964468,9.458983939297765e-12,2.0193190416026033e-11,8.890594599758295e-12,3.5558378049962916e-11,6.411927806619661e-12,1.0754226708619747e-11,3.4409253378855717e-12,5.241726101410665e-12,5.9272685290280215e-05,True
gamma_power_EEG C4,Control,COBRAD,Mann-Whitney U,2634.0,7.662658345758252e-19,0.29097250827355375,5.172446356043123e-12,9.668741270274088e-11,5.024414820771401e-12,5.815650858806793e-10,3.5611327543746987e-12,1.4412681985229807e-11,1.6882115966560952e-12,8.627542568944514e-12,1.9184209383624975e-18,True
skewness_EEG C4,Control,COBRAD,Mann-Whitney U,10725.0,1.615749489320703e-05,-0.4739017937838033,0.0528070335331028,-0.004427565627121339,0.1298730194967235,0.09522102196689068,0.0406470804969103,-0.010128554077419086,0.0557938210574648,0.04778096840171163,2.2764405760469824e-05,True
kurtosis_EEG C4,Control,COBRAD,Mann-Whitney U,915.0,1.9296123091563144e-31,1.3244513395739022,0.9590813205871443,3.510409080791491,1.4422896714770617,2.7669919627403314,0.6303339556074605,2.55744824868371,0.2403794709498821,0.8686895366835173,1.9185859531039927e-30,True
mean_mpf_EEG C4,Control,COBRAD,Mann-Whitney U,9593.0,0.013569276833539952,-0.21937939685060845,10.760962381224372,10.223185369110798,2.3674536484086257,2.6433834709551056,10.422221995144785,9.88104735674713,1.4073515137242953,1.073352860989031,0.01589935467364277,True
median_mpf_EEG C4,Control,COBRAD,Mann-Whitney U,10124.0,0.0008580124358900822,-0.30419535563339095,10.758254602085975,9.994326026494377,2.3918731247447096,2.7791583219897538,10.51371070455696,9.604005099029884,1.4921074590564913,1.2468831553711794,0.0010977512047417228,True
pswe_percentage_EEG C4,Control,COBRAD,Mann-Whitney U,978.0,6.306694832668978e-36,1.1467255186369278,1.468472540558919,9.368500088891341,6.925721356469531,6.8000342712164255,0.0,8.045261731467363,0.0,3.576973545741012,1.4631532011792028e-34,True
pswe_events_per_minute_EEG C4,Control,COBRAD,Mann-Whitney U,1093.0,7.935766942999075e-35,1.434453430950098,0.10001284822497902,0.6180269387198232,0.34639856479572756,0.3944849772132523,0.0,0.5780205424714455,0.0,0.19609712656336686,1.3717032414198643e-33,True
pswe_avg_length_EEG C4,Control,COBRAD,Mann-Whitney U,2643.0,9.82579658115857e-22,1.4497998036664144,1.682098423571712,5.599145397972932,2.995281283860415,1.8037865893226102,0.0,5.6146873966938005,0.0,1.1118561168048848,2.7137914367009386e-21,True
dfv_mean_EEG C4,Control,COBRAD,Mann-Whitney U,11581.0,1.1528849009050938e-08,-0.5130166652035014,6.843315248064759,5.55502609445842,2.266694805726266,3.022083167911955,6.831333333333333,5.026909348009586,1.348508563899868,1.1267762792546934,1.848866108363929e-08,True
dfv_std_EEG C4,Control,COBRAD,Mann-Whitney U,6207.0,0.002326274783000935,0.19303731141802954,4.976310838393472,5.339533111340448,2.007776608360672,1.5339969301967102,4.4413409895555045,5.0778960700340985,1.0396015660334448,0.7448530121744072,0.0028809381654246453,True
min_EEG P3,Control,COBRAD,Mann-Whitney U,15226.0,2.4741139648519956e-31,-1.8216354638057586,-3.789605572861263e-05,-0.00010512826086755458,1.9112176439285985e-05,6.143625915165391e-05,-3.2707285202418984e-05,-8.553270724815408e-05,9.703502881036792e-06,2.6449482523888474e-05,2.327004485860796e-30,True
max_EEG P3,Control,COBRAD,Mann-Whitney U,1219.0,5.744288713486339e-29,1.6577884441495403,4.004225519161033e-05,0.00010584987974849069,2.3974565915563134e-05,6.32292359896733e-05,3.25826550314071e-05,8.880998433795741e-05,9.094729579165363e-06,2.9040339980875422e-05,3.4366735996651838e-28,True
mean_EEG P3,Control,COBRAD,Mann-Whitney U,8295.0,0.7231387169891803,0.025882691682983044,-3.5924156763263193e-09,-1.6427632587964206e-09,8.711562230589601e-08,3.225104965069345e-08,-1.9543575548320837e-10,3.3163824919328545e-10,9.992939833000112e-09,1.0693971888013647e-08,0.7294268797456079,False
median_EEG P3,Control,COBRAD,Mann-Whitney U,8942.0,0.159098516749395,-0.22688195462430547,2.579127034386295e-08,-1.4707033147634873e-08,1.449594793484304e-07,2.410673657508448e-07,1.6602025776433218e-08,7.160443831672139e-09,3.890183123406573e-08,4.671131055110893e-08,0.17141264343278473,False
std_EEG P3,Control,COBRAD,Mann-Whitney U,2325.0,7.383218901605683e-21,1.2848901086956275,5.756486749005826e-06,1.070291216683656e-05,2.548998776283381e-06,5.912611200857539e-06,5.1444390101929415e-06,9.362493642530969e-06,1.361057753260839e-06,2.3479558660622806e-06,1.9764309059682906e-20,True
psd_mean_EEG P3,Control,COBRAD,Mann-Whitney U,2011.0,5.104996662086683e-23,0.6568315435926552,8.659764392119493e-13,4.563010990682959e-12,9.287417792329418e-13,1.0307960315871938e-11,5.70119295956214e-13,2.2628010331870563e-12,2.9871078321900065e-13,1.1423345971088683e-12,1.5055413884798015e-22,True
psd_std_EEG P3,Control,COBRAD,Mann-Whitney U,1804.0,1.6686240421278257e-24,0.4495344347616697,1.8659630531222332e-12,1.2448621153147723e-11,2.3123457778756655e-12,4.3385206411502267e-11,1.0153013144438505e-12,4.911483994798383e-12,5.878764007832825e-13,2.5000074969499425e-12,5.692952614318464e-24,True
fft_mean_EEG P3,Control,COBRAD,Mann-Whitney U,646.0,1.0193941094156597e-33,1.87947908335406,0.0019477857518596627,0.005679579511462783,0.0008357117402564443,0.0034339528369784437,0.0017593120500568,0.004699281174212092,0.0004165251556202999,0.0012730650120092379,1.4781214586527066e-32,True
fft_std_EEG P3,Control,COBRAD,Mann-Whitney U,1003.0,1.0290366746624532e-30,1.6031333548277311,0.002932264528692748,0.007905387093490392,0.001582685790456004,0.0051814771331116114,0.0025323244727901,0.006934090844143984,0.0008523273366303,0.0016643712659534108,8.294064966983304e-30,True
delta_power_EEG P3,Control,COBRAD,Mann-Whitney U,588.0,3.2100337644523943e-34,1.4517566826763466,6.14879132805402e-12,5.2101910200074314e-11,7.315742945973508e-12,5.74185226709827e-11,3.841865266196306e-12,3.07842441255554e-11,1.7803394568363187e-12,1.6416014923526212e-11,4.8569206523018837e-33,True
theta_power_EEG P3,Control,COBRAD,Mann-Whitney U,2803.0,8.73090062100544e-18,0.7181960620456045,7.882764747323912e-12,2.19233582088834e-11,1.23968053433772e-11,3.0580102181211795e-11,3.840078633538262e-12,1.2197333139309977e-11,2.333303963928492e-12,5.666067397773318e-12,2.0529414973715495e-17,True
alpha_power_EEG P3,Control,COBRAD,Mann-Whitney U,5363.0,9.879798129940449e-06,0.3199258041757192,8.215698034438574e-12,1.2519327714322025e-11,1.1072547215507194e-11,1.7948745950317364e-11,4.4637700156447e-12,7.637620840036702e-12,2.804328056478901e-12,3.265701751417959e-12,1.403334591518072e-05,True
beta_power_EEG P3,Control,COBRAD,Mann-Whitney U,4471.0,4.2878012835110284e-09,0.6834561598740568,9.431910151476578e-12,2.405542577522526e-11,9.779990537415484e-12,3.652589819593457e-11,6.065178120329046e-12,1.203852614703565e-11,3.5623385646374815e-12,5.7216541712550625e-12,7.0718239178286155e-09,True
gamma_power_EEG P3,Control,COBRAD,Mann-Whitney U,1110.0,7.663296511925498e-30,0.430504733682706,4.125583563531422e-12,6.847527389923507e-11,4.814292477359943e-12,2.7631626997393323e-10,2.714342648328773e-12,1.7490190596020582e-11,1.3064951894994466e-12,9.91236562448336e-12,5.333654372300147e-29,True
skewness_EEG P3,Control,COBRAD,Mann-Whitney U,6934.0,0.06275543054515492,0.1510561616518515,-0.01833630629060335,0.002231981035007726,0.13246707575657776,0.14471678943896155,-0.0361046294212856,-0.00453201120446708,0.06302173606913769,0.04626503294321151,0.06846046968562355,False
kurtosis_EEG P3,Control,COBRAD,Mann-Whitney U,1022.0,1.4730771139721014e-30,0.8756347575676029,1.1646503662605452,3.5026892140992665,2.897338549036278,2.0169905450461694,0.6438072781467485,2.7156701107108674,0.23798891094632074,0.7824902618699282,1.1144148601354158e-29,True
mean_mpf_EEG P3,Control,COBRAD,Mann-Whitney U,9223.0,0.0620684065937661,-0.17007061968216575,10.74823146055146,10.342654183961061,2.304387389775162,2.5688523405641117,10.589935689686715,10.147252926665205,1.3962178998986996,1.34836601134929,0.06792391664978177,False
median_mpf_EEG P3,Control,COBRAD,Mann-Whitney U,9780.0,0.0055532510371226786,-0.2815665069784822,10.762145855295845,10.070788808328558,2.355741880516726,2.681250796091741,10.692351800168248,9.89305497650795,1.3774160051505877,1.4837488746922638,0.006710178336523237,True
pswe_percentage_EEG P3,Control,COBRAD,Mann-Whitney U,809.0,4.293369718369291e-37,1.080547493063069,1.6360249056987244,9.74325664389867,7.921486781063548,6.377313300500804,0.0,8.899866864588498,0.0,3.5049748593363224,1.2450772183270945e-35,True
pswe_events_per_minute_EEG P3,Control,COBRAD,Mann-Whitney U,920.0,5.073246973395124e-36,1.3816330739094596,0.1049841331562516,0.6418854844287396,0.39854769303964893,0.36340078753792926,0.0,0.5979483436095037,0.0,0.19992412719103203,1.2610642476725022e-34,True
pswe_avg_length_EEG P3,Control,COBRAD,Mann-Whitney U,2392.5,2.4163121565250948e-23,1.502871873752479,1.7484236468396466,5.820920478671195,3.0295536880861946,1.7036769525507705,0.0,5.9350525380403365,0.0,1.0134377946792035,7.248936469575284e-23,True
dfv_mean_EEG P3,Control,COBRAD,Mann-Whitney U,11702.0,3.555733144670438e-09,-0.5734161291981721,7.21322188194834,5.64581758738314,2.5887008310882167,3.055465599802503,6.93841059602649,5.058893555891114,1.4262847444753017,1.139570557439587,5.920550882034988e-09,True
dfv_std_EEG P3,Control,COBRAD,Mann-Whitney U,5598.0,5.4135333787930634e-05,0.43678159916911286,4.790520966927106,5.5524618979277784,1.783522705818005,1.6460481375292364,4.496903959162126,5.382970976281781,0.8916853585172584,0.9752980963866129,7.330387610194498e-05,True
min_EEG P4,Control,COBRAD,Mann-Whitney U,10294.0,0.000305882147107459,-0.6143731414632687,-3.8941594928379054e-05,-5.8324555238178554e-05,1.9056870691140597e-05,5.0250202507573036e-05,-3.47786157874366e-05,-5.235192549236024e-05,8.85283610309428e-06,2.291088184170275e-05,0.00040784286280994535,True
max_EEG P4,Control,COBRAD,Mann-Whitney U,5530.0,3.357212674913931e-05,0.5292317248720878,4.0833344534450184e-05,5.92923682013141e-05,2.787574973813405e-05,4.7749060778843675e-05,3.4633781735507346e-05,5.21993418821532e-05,1.0034355622137735e-05,1.9202600040016437e-05,4.673240043480192e-05,True
mean_EEG P4,Control,COBRAD,Mann-Whitney U,6308.0,0.003969718382141982,0.1878292495291081,-8.354554953473885e-09,5.826782420023548e-09,8.887832559643913e-08,1.9482923207740288e-08,-1.8619576313760977e-09,1.3352831521160853e-09,1.0327349253484386e-08,5.287633127733233e-09,0.004881491155425476,True
median_EEG P4,Control,COBRAD,Mann-Whitney U,9448.0,0.0255958043415977,-0.1545719049404063,1.547654597252124e-08,-1.0075318014447364e-09,1.1937599028240466e-07,6.640210700484683e-08,1.2522440890959671e-08,4.2643647522679e-10,4.334352280024501e-08,2.8701995576632865e-08,0.029494503016145694,True
std_EEG P4,Control,COBRAD,Mann-Whitney U,8996.0,0.1346364788863599,-0.06090950296699912,5.926934589827958e-06,5.738550295031021e-06,2.277845952278942e-06,4.489703125815531e-06,5.3191792795307345e-06,5.538206255803476e-06,1.3316395173559709e-06,2.047421255366268e-06,0.145961042531007,False
psd_mean_EEG P4,Control,COBRAD,Mann-Whitney U,6693.0,0.02422987312703456,0.33298990873940365,8.859352803377389e-13,1.8167002933218158e-12,7.909526817528106e-13,5.0204309093574645e-12,6.034682634888524e-13,8.651700563894778e-13,2.9052386611994786e-13,5.597154482357603e-13,0.028013275243216035,True
psd_std_EEG P4,Control,COBRAD,Mann-Whitney U,6207.0,0.002326274783000935,0.28113579974887565,1.9193718866639276e-12,5.261504826774749e-12,1.9358249556299417e-12,2.1776695946730742e-11,1.2490253937848776e-12,1.973574361425896e-12,6.314535877023491e-13,1.2406113692822593e-12,0.0028809381654246453,True
fft_mean_EEG P4,Control,COBRAD,Mann-Whitney U,5532.0,3.405293061709925e-05,0.8213251028605546,0.0019762662785818676,0.0029073608293912795,0.000735474253252395,0.001756710867391723,0.0018423673058831998,0.0025721862683123963,0.00043596738008639985,0.0010412246751111357,4.7212828106575853e-05,True
fft_std_EEG P4,Control,COBRAD,Mann-Whitney U,5943.0,0.0005107100362984022,0.4979779460835856,0.0030377076062519845,0.004345346212467611,0.0014447491541385788,0.004304600519657055,0.0026561116916785,0.003952007099249134,0.0007626458786221999,0.0016432356726087634,0.0006631607934024029,True
delta_power_EEG P4,Control,COBRAD,Mann-Whitney U,3516.0,1.1007916376724551e-13,1.0012313945313456,6.800709674180088e-12,1.7759903612894244e-11,8.083619554689436e-12,1.5861828077141312e-11,4.3307474529566146e-12,1.324726468791023e-11,1.8883801237207835e-12,8.495280297325727e-12,2.1281971661667465e-13,True
theta_power_EEG P4,Control,COBRAD,Mann-Whitney U,6922.0,0.060044584247353525,0.025652968128194894,7.833201140309069e-12,8.059057514912706e-12,9.582763677564765e-12,6.548285952981238e-12,4.290191612781003e-12,6.144589293881956e-12,2.429391364496167e-12,3.8433981645027906e-12,0.06612504847493363,False
alpha_power_EEG P4,Control,COBRAD,Mann-Whitney U,9973.0,0.002019038291205169,-0.3980251591925336,8.253783637715884e-12,5.1116292088474116e-12,8.891442573676208e-12,4.671401620887878e-12,5.033195982788269e-12,3.5621665070974685e-12,2.724735700134021e-12,2.3210931452185777e-12,0.002527429227839564,True
beta_power_EEG P4,Control,COBRAD,Mann-Whitney U,9325.0,0.04215914182696195,-0.054910846583071625,9.406921020174036e-12,8.91588650288276e-12,8.173400234247645e-12,1.0574268574962389e-11,6.720358421435957e-12,5.124385301694381e-12,3.363453732556966e-12,2.9408029613363312e-12,0.047174859664896325,True
gamma_power_EEG P4,Control,COBRAD,Mann-Whitney U,5006.0,5.695262976484229e-07,0.34235868177608064,3.944568857479191e-12,3.013341870677739e-11,3.812223507332232e-12,1.41335256640613e-10,2.9484004280944e-12,6.1227363958225636e-12,1.3572706905442146e-12,4.145805340879975e-12,8.469878272720135e-07,True
skewness_EEG P4,Control,COBRAD,Mann-Whitney U,6898.5,0.055016805121054044,0.10125561819084274,-0.02096325299162828,-0.009096259764212057,0.12813227111834757,0.0851155690695548,-0.0234561603020943,0.00224475535995416,0.0580187193266099,0.04145108680806128,0.06097403879658219,False
kurtosis_EEG P4,Control,COBRAD,Mann-Whitney U,2791.0,7.36377590428814e-18,0.5182172681240341,1.1399818488901547,2.7665120852212572,2.5211541222661555,4.278910650345197,0.6218428294691369,1.7758739854874217,0.25077330628943845,0.7434411873215475,1.743261234484539e-17,True
mean_mpf_EEG P4,Control,COBRAD,Mann-Whitney U,14336.0,2.110466875825908e-24,-1.4799240088736512,10.475530330322579,6.620487568128449,2.1944749593225774,3.398787755948117,10.311557085750264,6.504918031959276,1.3412120566985184,1.9236854126399243,7.130509444538018e-24,True
median_mpf_EEG P4,Control,COBRAD,Mann-Whitney U,14470.0,2.181325293414985e-25,-1.5353572876229877,10.503487683723234,6.470416506244323,2.2253899332578064,3.40778697271595,10.294203700240786,6.4563337455581316,1.3084678229231468,1.9509309457448576,8.2511000229175525e-25,True
pswe_percentage_EEG P4,Control,COBRAD,Mann-Whitney U,1377.0,4.417404991853656e-32,0.7686804391121279,1.549122529685443,7.143472192900989,7.45529553705983,6.829467811599606,0.0,6.358783358314568,0.0,3.8554905413485674,4.658354355045674e-31,True
pswe_events_per_minute_EEG P4,Control,COBRAD,Mann-Whitney U,1570.0,2.3529251075747778e-30,0.8542273820845679,0.10528391515285339,0.4530888037145397,0.4055502795535493,0.4110197941872833,0.0,0.3798472414286118,0.0,0.2142222472750432,1.6710570151755565e-29,True
pswe_avg_length_EEG P4,Control,COBRAD,Mann-Whitney U,3686.0,1.0984424403459006e-14,0.8194193250450815,1.688164620097742,3.8761005608069916,2.9163502296849573,1.9495546424370238,0.0,3.808150461811543,0.0,1.567755641590029,2.261881474795109e-14,True
dfv_mean_EEG P4,Control,COBRAD,Mann-Whitney U,14625.0,1.4894040082869526e-26,-1.346006057702537,7.009604104473243,3.5952107623863148,2.2787853031069965,3.07243907412821,6.909516380655226,3.260359209843998,1.4131309823230573,1.0335872578183494,6.320885303461702e-26,True
dfv_std_EEG P4,Control,COBRAD,Mann-Whitney U,11441.0,4.289057994594252e-08,-0.7786790117510608,4.6109980130468955,3.345523918939941,1.699164163537346,1.4303135303473682,4.33766118818452,3.414693931591155,0.9029646707788581,0.9870215524726154,6.693238484837667e-08,True
min_EEG O1,Control,COBRAD,Mann-Whitney U,1215.0,5.337001864414709e-29,1.0131379062202168,-4.1609545521922754e-05,-1.2859321631094398e-05,2.0490865715325028e-05,4.1687570334315375e-05,-3.759105236159338e-05,-1.468051415636636e-08,1.0876666900866178e-05,1.6927879982807108e-07,3.2583800856426645e-28,True
max_EEG O1,Control,COBRAD,Mann-Whitney U,14186.0,2.531333066826723e-23,-0.6796150541702378,4.117356941897265e-05,1.9092198116856534e-05,2.4246220765631546e-05,4.6771689014181244e-05,3.5401015415512395e-05,7.1509518850345484e-06,1.0395548886431987e-05,5.205597153250685e-06,7.529093224407689e-23,True
mean_EEG O1,Control,COBRAD,Mann-Whitney U,6793.0,0.03656519039857505,0.1748010667041617,-7.151030850239455e-09,2.5273523662569113e-09,6.563018107597348e-08,7.809639181824012e-09,-1.3230378211399999e-09,1.291807232718804e-12,1.0170243787800771e-08,1.255658717912496e-12,0.04144848944203296,True
median_EEG O1,Control,COBRAD,Mann-Whitney U,11443.0,4.210628134321122e-08,-0.458861200024301,5.272835426947543e-08,-3.896584641956406e-09,1.461480043108432e-07,1.9826962137897322e-08,3.2316863317503825e-08,1.5869690200029113e-12,5.454438405147778e-08,2.7657320747643664e-12,6.600444102449325e-08,True
std_EEG O1,Control,COBRAD,Mann-Whitney U,788.0,1.6619897924834997e-32,2.2442067262430214,6.264509946677758e-06,0.002701268630419665,2.6437122959607916e-06,0.002220716933930829,5.7351793322533685e-06,0.0021751157398420384,1.563992822920681e-06,0.0009555663046945277,1.807413899325806e-31,True
psd_mean_EEG O1,Control,COBRAD,Mann-Whitney U,788.0,1.6619897924834997e-32,2.172132261895277,1.0352044525174246e-12,0.003875762714129421,1.0485169265908334e-12,0.0032996531408135093,7.159608358716791e-13,0.003223053455439529,3.672906647841259e-13,0.0012793688963160113,1.807413899325806e-31,True
psd_std_EEG O1,Control,COBRAD,Mann-Whitney U,1518.0,1.2279276216958423e-26,0.47955513802047384,2.4365430992335406e-12,4.658136287734203e-11,2.8579414280710375e-12,1.701729095555611e-10,1.5475199851379878e-12,1.2372914651973998e-11,8.678876825170042e-13,6.427139398764604e-12,5.275540893211767e-26,True
fft_mean_EEG O1,Control,COBRAD,Mann-Whitney U,14437.0,3.8308507314958635e-25,-1.3165753081417768,0.0020159878602036543,0.0006490818500797402,0.0007745052497894456,0.001494893200743864,0.0018773049631299,1.2742190033579612e-11,0.00044179348304090003,1.153178871302771e-11,1.4033011100637477e-24,True
fft_std_EEG O1,Control,COBRAD,Mann-Whitney U,14583.0,3.101163595779711e-26,-0.2643247986994293,0.003263081510269572,0.0017971059045447236,0.0016597341735930954,0.009925914070249208,0.0028976241128217,8.163374135360931e-12,0.0008643988558838999,7.015651685137034e-12,1.2847677753944517e-25,True
delta_power_EEG O1,Control,COBRAD,Mann-Whitney U,5794.0,0.00020098616224247724,0.5151131834925513,7.072437516437879e-12,1.4348520524623428e-11,7.65128775374376e-12,2.3252032003756994e-11,4.822281946772121e-12,8.23301526456534e-12,1.8925013603737042e-12,4.694660547872287e-12,0.00026901224792454646,True
theta_power_EEG O1,Control,COBRAD,Mann-Whitney U,6007.0,0.0007494050855236788,0.24080523757001462,9.368521010758568e-12,8.014310450906669e-11,1.2451157141597104e-11,5.431663238341193e-10,4.779738348244797e-12,8.614061864819319e-12,2.9061783639071436e-12,5.129433850704186e-12,0.0009658998880082972,True
alpha_power_EEG O1,Control,COBRAD,Mann-Whitney U,10638.0,3.0381907222749133e-05,-0.8024342369020386,1.0821446824316605e-11,-0.06105949525276252,1.403204276777601e-11,0.1407152397319498,6.511210888610487e-12,-0.011779429649116782,4.038292607388486e-12,0.04161436954008395,4.2461460696854206e-05,True
beta_power_EEG O1,Control,COBRAD,Mann-Whitney U,788.0,1.6619897924834997e-32,1.594224180661171,1.0886111042467328e-11,2.1765526101958113,1.1330831259080477e-11,2.5247428566793038,6.981112852394367e-12,1.4240617710068046,3.949946444789838e-12,0.6414353040882103,1.807413899325806e-31,True
gamma_power_EEG O1,Control,COBRAD,Mann-Whitney U,788.0,1.6619897924834997e-32,3.8346863247080645,3.9154639789922885e-12,4.845335231946872,3.655648659864687e-12,2.3366375962574417,2.8677033445785548e-12,4.615589326377746,1.2308095353970807e-12,1.2478133378491632,1.807413899325806e-31,True
skewness_EEG O1,Control,COBRAD,Mann-Whitney U,210.0,1.3848397993448849e-37,3.661655351382826,-0.05750811157352139,4.697438949862211,0.12814277871588486,2.393118716225442,-0.0644125719741474,4.437514787509855,0.06988700715371181,1.2494420573342182,5.354713890800222e-36,True
kurtosis_EEG O1,Control,COBRAD,Mann-Whitney U,2673.0,1.3521344200950386e-18,1.5657446713663807,0.9791588393048942,5.323030243544731,1.293548563087934,4.719361349792654,0.6853371764806075,4.31735746592717,0.26858177477056483,2.7446748777833223,3.3136815365709396e-18,True
mean_mpf_EEG O1,Control,COBRAD,Mann-Whitney U,15932.0,1.7813021750869422e-37,-3.8338756769927635,10.136311269455492,1.614225221586644,2.0311158333151145,2.6295456457959694,9.869880668173842,0.39771714628050814,1.147918303188506,0.3858054324775734,6.19893156930256e-36,True
median_mpf_EEG O1,Control,COBRAD,Mann-Whitney U,15602.0,1.5592258936825468e-34,-2.5597829747139573,10.183901905274649,4.149318596875794,2.058598203883073,2.9582375549757165,9.887079409860526,3.6694166748324295,1.0050804417384374,1.8027059864820976,2.4664118681887557e-33,True
pswe_percentage_EEG O1,Control,COBRAD,Mann-Whitney U,1882.0,6.0350112161499225e-28,0.2808106601677161,1.8535446804962308,4.037921582577648,9.037699064969278,3.0469994965549954,0.0,3.170182174411006,0.0,1.7663200068734142,3.088505740029666e-27,True
pswe_events_per_minute_EEG O1,Control,COBRAD,Mann-Whitney U,658.0,2.3961734835563085e-39,2.9211669600995287,0.11394604243585922,2.7249462274034064,0.39338265699393093,1.5354603251416143,0.0,2.4945883410359855,0.0,0.6978846977653144,1.6677367445551907e-37,True
pswe_avg_length_EEG O1,Control,COBRAD,Mann-Whitney U,8324.0,0.6179038075701997,-0.363498117587632,1.7383767372017322,0.7312263564509016,3.1987774229516304,1.2221560795477746,0.0,0.0,0.0,0.0,0.6305880499543387,False
dfv_mean_EEG O1,Control,COBRAD,T-test,22.86029749848592,1.0183997560144247e-65,-3.004304444456038,6.92402090653683,0.727366962263759,2.0118401901878307,2.180516499571952,6.977198697068404,0.0,1.278356858487152,0.0,3.5440311509301977e-63,True
dfv_std_EEG O1,Control,COBRAD,T-test,20.531012828629258,1.4237532950642935e-57,-2.6981894305758747,4.424497242677016,0.5587797345684825,1.6001431413589968,0.9076822937338299,4.188263416223105,0.0,0.8080706084883658,0.0,2.4773307334118708e-55,True
min_EEG O2,Control,COBRAD,Mann-Whitney U,1242.0,5.826544321271432e-29,1.1105078316583692,-4.23396642173087e-05,-1.278353840505696e-05,1.8635334977600244e-05,3.977539664353333e-05,-3.809288141369617e-05,0.0,1.0237467145034444e-05,0.0,3.4366735996651838e-28,True
max_EEG O2,Control,COBRAD,Mann-Whitney U,14227.0,9.283737908826304e-24,-0.8325716892528402,4.3114574103891394e-05,1.4936669989446964e-05,3.1093085626639665e-05,3.972113971597728e-05,3.5838117537610346e-05,0.0,1.0110048257333476e-05,0.0,2.991426659510698e-23,True
mean_EEG O2,Control,COBRAD,Mann-Whitney U,6166.0,0.0017964593842825704,0.17863185315064878,-1.1087660718637604e-08,2.951437168586681e-09,9.327371692264747e-08,8.436179398683833e-09,-3.085089867217202e-09,0.0,1.3158045317198164e-08,0.0,0.002265100962791067,True
median_EEG O2,Control,COBRAD,Mann-Whitney U,11389.0,6.254850534655599e-08,-0.3618133176034385,4.2713172348156226e-08,-6.951497361318848e-10,1.4197287958202827e-07,2.1216485743456642e-08,2.905569112348487e-08,0.0,5.425395587974974e-08,0.0,9.588933859295808e-08,True
std_EEG O2,Control,COBRAD,Mann-Whitney U,10244.0,0.00039967053963015835,1.160370143875986,6.245861258249532e-06,0.0006344702425840314,2.450723078868954e-06,0.0010011806978509946,5.777524484714347e-06,0.0,1.3316741972466075e-06,0.0,0.0005228772473356959,True
psd_mean_EEG O2,Control,COBRAD,Mann-Whitney U,10244.0,0.00039967053963015835,1.0982521608495788,1.0010807096623272e-12,0.0009201571764024813,9.56327522272966e-13,0.0015493777886234376,7.497632322111061e-13,0.0,3.359565773347671e-13,0.0,0.0005228772473356959,True
psd_std_EEG O2,Control,COBRAD,Mann-Whitney U,10600.0,3.755242621524666e-05,0.27167726175584556,2.3835286151551165e-12,7.569842060552518e-12,2.6920294428503487e-12,3.5053038103150405e-11,1.533469126908448e-12,0.0,7.893187170249643e-13,0.0,5.144978079884188e-05,True
fft_mean_EEG O2,Control,COBRAD,Mann-Whitney U,14548.0,3.953934325846642e-26,-1.6244500556849963,0.002005054251884797,0.0005928413302732294,0.0007353079911608741,0.0011297025849073272,0.0018859770455732,0.0,0.00040370847062470004,0.0,1.5815737303386567e-25,True
fft_std_EEG O2,Control,COBRAD,Mann-Whitney U,14709.0,2.308772047822651e-27,-0.7287363216331222,0.0032551578595055564,0.0011902043648789513,0.0015562418852030002,0.004647362596622814,0.0029308706550069,0.0,0.0008288992994154002,0.0,1.1159064897809479e-26,True
delta_power_EEG O2,Control,COBRAD,Mann-Whitney U,11555.0,1.3264628869560831e-08,-0.315580065490703,7.367708359629217e-12,4.6571055438250535e-12,8.497806704669003e-12,8.806663744330741e-12,5.125621133362718e-12,0.0,1.945918887286279e-12,0.0,2.1078040395466526e-08,True
theta_power_EEG O2,Control,COBRAD,Mann-Whitney U,12171.0,2.2434338537459363e-11,-0.08792607944249352,8.852813237655608e-12,7.327914801468532e-12,1.0592535953921768e-11,2.7515207352711605e-11,4.9819235932456946e-12,0.0,2.884862274374146e-12,0.0,3.963020208647644e-11,True
alpha_power_EEG O2,Control,COBRAD,Mann-Whitney U,13199.0,5.806048599957925e-17,-0.03711935245388777,1.0316827945354512e-11,-0.0006331797199752416,1.2840559982023565e-11,0.03154452464538429,6.640471302885218e-12,0.0,3.7487375656300695e-12,0.0,1.3205914462649399e-16,True
beta_power_EEG O2,Control,COBRAD,Mann-Whitney U,10244.0,0.00039967053963015835,0.7231073424375987,1.0208128854902357e-11,0.42616067746248126,9.945916523022065e-12,1.0898531351746712,7.2531722194201465e-12,0.0,3.708270322540985e-12,0.0,0.0005228772473356959,True
gamma_power_EEG O2,Control,COBRAD,Mann-Whitney U,10244.0,0.00039967053963015835,1.2176527430168476,3.787919208870792e-12,1.4513549787041737,3.157910971464397e-12,2.2041826050911126,2.7277843243634373e-12,0.0,1.1083990527104936e-12,0.0,0.0005228772473356959,True
skewness_EEG O2,Control,COBRAD,Mann-Whitney U,2868.0,1.7204357217487865e-17,1.2366451224290127,-0.04518917856821162,1.4096068943469613,0.22607404232804046,2.1468642049927813,-0.0554306605062442,0.0,0.06252556597902051,0.0,4.018198866903206e-17,True
kurtosis_EEG O2,Control,COBRAD,Mann-Whitney U,10605.0,3.624236893429693e-05,0.0794596072364132,1.5943358152813314,2.076463019302401,6.87476183074585,3.3965611277675127,0.6740766894607444,0.0,0.2914239434441046,0.0,4.985116359342028e-05,True
mean_mpf_EEG O2,Control,COBRAD,Mann-Whitney U,15930.0,1.087282093566645e-37,-3.8924523790091325,9.964643544144772,1.410439241264802,1.9481032953772928,2.7079280655286615,9.796549018781944,0.0,1.0727613214114076,0.0,4.7296771070149055e-36,True
median_mpf_EEG O2,Control,COBRAD,Mann-Whitney U,15722.0,8.25927374997253e-36,-3.1179035074715644,10.029437539624784,2.171537870477769,1.9765617059901412,3.502519884149376,9.840084098462256,0.0,1.0244113099186336,0.0,1.690721920582612e-34,True
pswe_percentage_EEG O2,Control,COBRAD,Mann-Whitney U,7075.0,0.05022188050290077,0.056585739130045866,1.9529222588653243,2.4081003149704205,9.237216489623556,3.848684145585779,0.0,0.0,0.0,0.0,0.05601671286862009,False
pswe_events_per_minute_EEG O2,Control,COBRAD,Mann-Whitney U,6789.0,0.011827860670084822,0.9684459087211932,0.11636429855137954,0.8667838535939386,0.40453793712611813,1.287363433847193,0.0,0.0,0.0,0.0,0.014048107553547844,True
pswe_avg_length_EEG O2,Control,COBRAD,Mann-Whitney U,3799.0,8.954719130150949e-14,0.6787252201070929,2.148681918187661,4.576511348421926,3.9354497926271077,2.505990301167878,0.0,4.34756840407495,0.0,1.8767436507697444,1.740917462174598e-13,True
dfv_mean_EEG O2,Control,COBRAD,Mann-Whitney U,985.0,7.316337978061236e-31,3.1854077754863708,6.762317480191883,11975.056322109003,1.8880183313613517,6948.07583129713,6.780804150453956,11242.076636529593,1.095296904077144,4535.732665162415,6.209964917964171e-30,True
dfv_std_EEG O2,Control,COBRAD,Mann-Whitney U,788.0,1.6619897924834997e-32,3.382028002970386,4.37098185814196,13657.37811995177,1.5486454291076621,7465.320724047359,4.092711616299396,12992.534048578165,0.7500186408414318,4570.2493690528,1.807413899325806e-31,True
min_EEG F7,Control,COBRAD,Mann-Whitney U,13104.0,2.6729598607470486e-16,-0.8109779804741447,-5.6181902435154744e-05,-9.938738208207455e-05,3.061895319580306e-05,8.62423634893713e-05,-4.916797878819095e-05,-8.285382134719895e-05,1.2798043123988899e-05,2.120996545336117e-05,5.777577835652005e-16,True
max_EEG F7,Control,COBRAD,Mann-Whitney U,2999.0,1.3361730370211642e-16,0.7961315599343084,5.663344174038397e-05,0.00010057249592101214,3.590153505517231e-05,8.542682881469334e-05,4.840004528544864e-05,8.127095619032168e-05,1.3467212805324664e-05,2.1532834028119605e-05,2.9806936979702894e-16,True
mean_EEG F7,Control,COBRAD,Mann-Whitney U,9547.0,0.01668654418853822,-0.47634753736732377,6.356440391768269e-09,-1.5582992567005174e-08,4.1382731931137215e-08,5.5771279041526104e-08,1.6341324518819583e-09,-1.1382360223151442e-09,1.8600546371704573e-08,1.3285467775558596e-08,0.019421128353215054,True
median_EEG F7,Control,COBRAD,Mann-Whitney U,8897.0,0.18193745869977973,-0.27087027390683616,4.1168320089760225e-08,-1.0642318352168924e-08,1.5356416804867315e-07,2.608690422861301e-07,2.6517859938652657e-08,1.8025772166404287e-08,6.717867571871424e-08,8.044467490599429e-08,0.19481303270007183,False
std_EEG F7,Control,COBRAD,Mann-Whitney U,4945.0,3.3852134062703597e-07,0.49974046571324937,7.5012948643497506e-06,1.0461277092692203e-05,2.7532781738402663e-06,1.0081174281069233e-05,7.058051861603003e-06,8.82949985189391e-06,1.4968355504313814e-06,1.7414297196717555e-06,5.056026890051868e-07,True
psd_mean_EEG F7,Control,COBRAD,Mann-Whitney U,3655.0,5.9421793424231e-13,0.2780560184242795,1.1853303165418552e-12,7.273401798085601e-12,1.0162213130880487e-12,4.0458854057643276e-11,8.654563129235807e-13,1.9695760762627865e-12,3.675015429995636e-13,9.038741354390669e-13,1.1238469625887167e-12,True
psd_std_EEG F7,Control,COBRAD,Mann-Whitney U,3294.0,6.7113065939755454e-15,0.24273325290013203,2.649639988670638e-12,2.645882642826369e-11,2.6577874699465855e-12,1.8134259136130137e-10,1.7747399924350118e-12,4.5534347852775425e-12,8.322789429863178e-13,2.0093836622992994e-12,1.3901992230377915e-14,True
fft_mean_EEG F7,Control,COBRAD,Mann-Whitney U,2309.0,5.766174931689329e-21,1.1500929937417135,0.002855584118600273,0.00509295811527488,0.0012813069083655007,0.002994914708024805,0.0025932550621903,0.004461851913138694,0.0006071048198248003,0.0010222380801982126,1.5555262606417723e-20,True
fft_std_EEG F7,Control,COBRAD,Mann-Whitney U,1602.0,5.31425508568164e-26,0.792747206554953,0.00355068373158158,0.007969772337983464,0.0015329127762005984,0.010028914694756886,0.0030798850880712006,0.006575024397618774,0.0007956555420105004,0.0015088022402947074,2.077933449232821e-25,True
delta_power_EEG F7,Control,COBRAD,Mann-Whitney U,1914.0,1.0421178049881028e-23,1.1219287184117184,1.2954337190914486e-11,4.36855516271359e-11,1.5254968833767808e-11,4.475147499970168e-11,8.777026243600356e-12,3.0803372454801357e-11,3.684848906515141e-12,1.4305500245675957e-11,3.2671801453681057e-23,True
theta_power_EEG F7,Control,COBRAD,Mann-Whitney U,4747.0,5.856202623861142e-08,0.4436194493606553,1.0268738995845608e-11,1.8265798355336383e-11,1.1772733740403527e-11,2.7855633551312867e-11,5.8579810185957825e-12,1.3011820615202297e-11,3.291654836112016e-12,5.937730954260581e-12,9.017515544706536e-08,True
alpha_power_EEG F7,Control,COBRAD,Mann-Whitney U,7524.0,0.3681628846817221,0.08632795302027109,8.895173836732377e-12,9.950106018510845e-12,9.345449413490276e-12,1.7301320852360004e-11,5.838642243823717e-12,7.0044686628836155e-12,3.0078404487781146e-12,3.108529871174478e-12,0.38707155247504316,False
beta_power_EEG F7,Control,COBRAD,Mann-Whitney U,6165.0,0.0018489598357199892,0.4303692721142421,9.60269204660067e-12,1.8269786844319424e-11,7.581699648128244e-12,3.5324957755651584e-11,7.367078184380445e-12,9.869507506673403e-12,3.207887950776338e-12,4.243838158409277e-12,0.002322880948846773,True
gamma_power_EEG F7,Control,COBRAD,Mann-Whitney U,4489.0,5.115484491918761e-09,0.23441420144257477,1.1402120989289013e-11,1.552871231524004e-10,1.7861257939001333e-11,1.134746470621884e-09,6.067947506888875e-12,1.3598992562159767e-11,2.941887716607952e-12,7.665254803516355e-12,8.357692972712343e-09,True
skewness_EEG F7,Control,COBRAD,Mann-Whitney U,7751.0,0.5959877963456826,0.014756877728840689,-0.030715448482117668,-0.028234076650475892,0.1496436422343113,0.2061691118323548,-0.0387574772013753,-0.026740604492559522,0.081828210783888,0.12439092604021487,0.6118104812044175,False
kurtosis_EEG F7,Control,COBRAD,Mann-Whitney U,999.0,9.540680790391919e-31,1.2995848147204583,1.2728780578273031,3.898792110188769,1.84025918555963,2.401528606954293,0.9133995572641808,3.112054457184707,0.3757636318053986,0.814055223057953,7.905135512039019e-30,True
mean_mpf_EEG F7,Control,COBRAD,Mann-Whitney U,8738.0,0.28200247334039164,-0.10540006982422245,10.32960481057325,10.047656833268952,2.661311705318237,2.70792545539418,9.837878223994938,9.704243126650862,1.4336118964743712,1.4000061180759635,0.2991977461050497,False
median_mpf_EEG F7,Control,COBRAD,Mann-Whitney U,9353.0,0.03775058452349568,-0.19891385782157348,10.278022130941896,9.72095412474527,2.7632868878577193,2.88872612715362,9.824002071230035,9.453909030928068,1.3979521314611727,1.4555516382717673,0.04265325783823538,True
pswe_percentage_EEG F7,Control,COBRAD,Mann-Whitney U,1212.0,5.714079629082824e-31,0.9989701484458042,2.6572715838202097,11.962063366790128,9.926000473967864,7.634313806108645,0.0,11.017584604559907,0.0,5.1307483514283705,4.971249277302057e-30,True
pswe_events_per_minute_EEG F7,Control,COBRAD,Mann-Whitney U,1410.0,2.6469016044778896e-29,1.3045741574836207,0.1705584126804262,0.7824804576716201,0.474015398065884,0.45684275849206774,0.0,0.7412005618165567,0.0,0.27295762074164054,1.7057810339968621e-28,True
pswe_avg_length_EEG F7,Control,COBRAD,Mann-Whitney U,3041.0,2.0279969062431335e-17,1.0349623571865056,2.775479016414329,6.250882547553959,3.8418886980975437,1.6869725743491475,0.0,6.332290608988922,0.0,1.1324441017453797,4.70495282248407e-17,True
dfv_mean_EEG F7,Control,COBRAD,Mann-Whitney U,9953.0,0.002251797303215991,-0.19725684690665324,5.791204101768698,5.285427348806642,2.3309057036818026,3.05546713222582,5.547147846332945,4.75437907216906,1.2467452834380488,1.2957228498953248,0.0028086934104629567,True
dfv_std_EEG F7,Control,COBRAD,Mann-Whitney U,5488.0,2.4846910919755305e-05,0.2761847840760521,4.927504537363811,5.494902074770466,2.2076488522088202,1.6248897358934846,4.256353869964922,5.560669993212462,0.8313062124193591,1.0067427036409486,3.486582661320502e-05,True
min_EEG F8,Control,COBRAD,Mann-Whitney U,13422.0,3.170210523157181e-18,-0.9510500538966409,-5.3580621988940365e-05,-0.0001058919066260696,3.276454686661613e-05,8.802560713030565e-05,-4.547119864184169e-05,-8.199812325149099e-05,1.224193357193507e-05,2.2951935633313513e-05,7.608505255577234e-18,True
max_EEG F8,Control,COBRAD,Mann-Whitney U,3009.0,1.5315837294047338e-16,0.8903913882202602,5.617249518099936e-05,0.00010451941041232212,3.5962595853672676e-05,8.338503045694102e-05,4.517236754364173e-05,8.32897302400626e-05,1.2387149227072826e-05,2.5122195038095565e-05,3.3733616318534645e-16,True
mean_EEG F8,Control,COBRAD,Mann-Whitney U,7587.0,0.4252741553162007,-0.05521905130252102,7.902604877718075e-09,3.349051715414854e-09,9.613879132061237e-08,2.983453796882856e-08,1.9823178448236555e-09,2.1841741351695197e-09,1.7734703437908312e-08,1.210895534164468e-08,0.4431000181138858,False
median_EEG F8,Control,COBRAD,Mann-Whitney U,9251.0,0.05595145584074035,-0.3171071047616402,4.513646005076439e-08,-9.696166146064898e-10,1.5254089012119447e-07,1.2644728966317416e-07,3.0591729423307716e-08,7.256191286612392e-09,6.718718597167211e-08,6.377947449128766e-08,0.06181303692881791,False
std_EEG F8,Control,COBRAD,Mann-Whitney U,4524.0,7.1926812285135555e-09,0.743438667589436,7.182238479715932e-06,1.0961063557775342e-05,2.581741430833228e-06,8.498455200774771e-06,6.558578250257067e-06,8.488101619606416e-06,1.2665115020099773e-06,1.96251765745347e-06,1.169650966132111e-08,True
psd_mean_EEG F8,Control,COBRAD,Mann-Whitney U,3191.0,1.75447799191048e-15,0.5104784750344055,1.123769324913374e-12,7.477257333478447e-12,9.969736339480972e-13,2.296381400806269e-11,8.322870877062054e-13,1.9607310932389578e-12,3.267207629095806e-13,1.0212330671997254e-12,3.67806229629426e-15,True
psd_std_EEG F8,Control,COBRAD,Mann-Whitney U,2904.0,3.6062129647404005e-17,0.37800933342701365,2.5136657031955943e-12,2.17913508755894e-11,2.6018004846250235e-12,9.422137679128921e-11,1.7806473618474038e-12,4.4707579834548165e-12,6.943002599478723e-13,2.2070788229746e-12,8.25632968243197e-17,True
fft_mean_EEG F8,Control,COBRAD,Mann-Whitney U,2044.0,8.715990494835388e-23,1.362233129479164,0.0026767663330731217,0.005640038329225148,0.001102450760936196,0.0036388375502299625,0.0025226272344399,0.004528661682864046,0.0005444951687361,0.0013501336802207733,2.5276372435022626e-22,True
fft_std_EEG F8,Control,COBRAD,Mann-Whitney U,1559.0,2.5163751561972957e-26,1.039149907734464,0.0034623082890589325,0.008221291156774179,0.0014808670324791145,0.008149718507113319,0.0031560899201673004,0.006361307858892405,0.0007210637747213002,0.001390174476304646,1.0550584992248904e-25,True
delta_power_EEG F8,Control,COBRAD,Mann-Whitney U,1755.0,7.303415329522169e-25,0.7809955934949265,1.2247242887099636e-11,7.50256235647895e-11,1.3953469063635355e-11,1.4705470554073553e-10,8.522292433279328e-12,2.919327808659398e-11,3.0419663533921345e-12,1.4062125067852658e-11,2.5934576884425663e-24,True
theta_power_EEG F8,Control,COBRAD,Mann-Whitney U,4154.0,1.6694784565413057e-10,0.6384755622335578,9.872137695587058e-12,2.823708980118692e-11,1.2040004197511327e-11,4.978526616133503e-11,6.228978369676333e-12,1.2540816177855931e-11,3.1130026164381246e-12,6.32827935372485e-12,2.8479338376292864e-10,True
alpha_power_EEG F8,Control,COBRAD,Mann-Whitney U,6597.0,0.01595992346163468,0.42675552099151415,8.580259299071981e-12,1.5343050733747627e-11,9.567816868624342e-12,2.5244428018434704e-11,5.752348733109683e-12,7.69481342680376e-12,2.828450086125376e-12,3.1217879390912546e-12,0.018637762968620363,True
beta_power_EEG F8,Control,COBRAD,Mann-Whitney U,5027.0,6.797235713667392e-07,0.5162262208843515,9.359279944977642e-12,3.5067295742390784e-11,7.873977370080819e-12,9.127468391423969e-11,7.196413968630474e-12,1.1737321134019342e-11,3.107730468595754e-12,6.6986726192842665e-12,1.002304249303497e-06,True
gamma_power_EEG F8,Control,COBRAD,Mann-Whitney U,3379.0,1.9887235505608564e-14,0.3760364743823183,8.87933746431522e-12,1.3102676833065295e-10,1.2598871639782321e-11,6.00372057723775e-10,5.4093651139091446e-12,1.5959761945853637e-11,2.118175433716716e-12,1.0376838385949351e-11,4.0472268748256024e-14,True
skewness_EEG F8,Control,COBRAD,Mann-Whitney U,6458.0,0.008383142629994738,0.4131257128081354,-0.033770512505143443,0.024864542113197274,0.1398983968340303,0.1467306179455508,-0.027177286473423597,-0.0051586353487075584,0.0733594251338433,0.060775774702967765,0.010025201495663811,True
kurtosis_EEG F8,Control,COBRAD,Mann-Whitney U,1462.0,4.5775091959684586e-27,1.5287686963880076,1.1729620936472958,3.371368119418473,1.0771831743923006,2.0649588458346786,0.8305448070615755,2.6527133463296773,0.35918235387609304,0.7846879498996739,2.0422733335859276e-26,True
mean_mpf_EEG F8,Control,COBRAD,Mann-Whitney U,7787.0,0.6372539241614033,0.13881051300351188,10.041917835590816,10.362331211887462,2.1539500632571302,2.6447146696303414,9.948847298482823,9.924516953476822,1.2045892182888291,1.1988690047552302,0.6484338175677437,False
median_mpf_EEG F8,Control,COBRAD,Mann-Whitney U,8427.0,0.5691725217447452,0.04360400130441409,10.002629044870476,10.106657506123344,2.1982444037542144,2.7877806378856613,9.915077170256978,9.604228836944305,1.0644650279019316,1.4113141318684308,0.5860119454650039,False
pswe_percentage_EEG F8,Control,COBRAD,Mann-Whitney U,1250.0,1.2032927331382114e-30,0.8735329474544568,2.190459341531401,8.966895141372518,8.468554583741389,5.679866035944198,0.0,7.985195089250485,0.0,3.263544139709478,9.3054638029355e-30,True
pswe_events_per_minute_EEG F8,Control,COBRAD,Mann-Whitney U,1481.0,1.019509988422254e-28,1.1076173315143267,0.1558300278528505,0.6131066841541122,0.43685445887976004,0.3479685354417262,0.0,0.5497451020292576,0.0,0.18777464648086345,5.8162209175564645e-28,True
pswe_avg_length_EEG F8,Control,COBRAD,T-test,-7.9974533748040395,3.478251953725173e-14,1.0510267733762024,2.652664012788796,5.662616094034783,3.274559212261751,1.4493507885947072,0.0,5.906285129161409,0.0,0.8321655632625866,7.037393487769536e-14,True
dfv_mean_EEG F8,Control,COBRAD,Mann-Whitney U,8968.0,0.14693053222283672,-0.006667773532989915,5.567787466014297,5.551381578932606,2.1143516740074575,3.144121164274421,5.480055020632737,4.808573885729582,1.1146435840915938,1.027877466249479,0.15879448824082976,False
dfv_std_EEG F8,Control,COBRAD,Mann-Whitney U,4726.0,4.83314227099755e-08,0.5548809696562561,4.597811964090045,5.5238458681760845,1.6847229279264462,1.6299331946817985,4.141268781466963,5.531260019475483,0.7036466314604164,0.903798359695569,7.508631742442623e-08,True
min_EEG T3,Control,COBRAD,Mann-Whitney U,14240.0,1.0421178049881028e-23,-1.1295875919703497,-4.949206765221484e-05,-0.00010624770704620441,2.33665292479481e-05,8.551053026872071e-05,-4.498350053374215e-05,-8.562044742280823e-05,1.1493801543513183e-05,2.1285716811361973e-05,3.2671801453681057e-23,True
max_EEG T3,Control,COBRAD,Mann-Whitney U,1689.0,2.376112562030735e-25,1.1387416626676066,4.798112968131938e-05,0.00010556959696281802,2.5060579845841034e-05,8.500843942240911e-05,4.297721697846772e-05,8.328440756453088e-05,1.09724060295543e-05,2.376874034476333e-05,8.891259909534364e-25,True
mean_EEG T3,Control,COBRAD,Mann-Whitney U,10443.0,0.00011669837538690742,-0.37381408420010825,1.1959486457071764e-08,-1.4799553876444446e-08,7.738361601947796e-08,5.5078339675457514e-08,4.35813258091558e-09,-3.970114582265731e-09,1.3332814790545747e-08,1.1660747545228027e-08,0.00015740711098699139,True
median_EEG T3,Control,COBRAD,Mann-Whitney U,11310.0,1.4008091957879222e-07,-0.6578471634086442,8.579554844620483e-08,-4.9567244276277605e-08,1.5174836410253468e-07,2.984469300546571e-07,7.224965726410727e-08,-7.46126552243452e-09,5.7763591716806633e-08,9.087573541194412e-08,2.119485217974769e-07,True
std_EEG T3,Control,COBRAD,Mann-Whitney U,3622.0,4.0002348332012524e-13,0.7532789600116082,6.862438813810057e-06,1.08192863375608e-05,2.621418805140826e-06,8.816490204408044e-06,6.224695641984668e-06,8.725907336158894e-06,1.3173645566140939e-06,2.1100469523796497e-06,7.648800670077121e-13,True
psd_mean_EEG T3,Control,COBRAD,Mann-Whitney U,2899.0,3.363796181147126e-17,0.3734605259372894,1.1038157157454819e-12,5.8597791046838e-12,1.1196797623618594e-12,2.3485518223963176e-11,7.514375595271896e-13,1.9661025687101628e-12,3.291381843512149e-13,9.63302680603636e-13,7.752324973769536e-17,True
psd_std_EEG T3,Control,COBRAD,Mann-Whitney U,2564.0,2.7363955368007563e-19,0.2944997397159489,2.4146702801311104e-12,1.8983919446875174e-11,3.002278131122686e-12,1.039387114787464e-10,1.5205459421790001e-12,4.4918137296303274e-12,7.206408226067688e-13,2.5748164130971263e-12,6.950844137274914e-19,True
fft_mean_EEG T3,Control,COBRAD,Mann-Whitney U,1448.0,3.5720386304731126e-27,1.4439959830352793,0.00252618494250077,0.005345267645207481,0.0009808300766026205,0.0032720256065299083,0.0022636229664717,0.004728011114880571,0.0004962969843500002,0.0011085850022135735,1.6574259245395243e-26,True
fft_std_EEG T3,Control,COBRAD,Mann-Whitney U,1211.0,4.9601088251393974e-29,0.9833567755206293,0.0033150414882322696,0.008207086891073748,0.0015722464990955292,0.00886871736926353,0.0029721311106332,0.006701446970194774,0.0007888622967488997,0.001750940118554035,3.0823533413366258e-28,True
delta_power_EEG T3,Control,COBRAD,Mann-Whitney U,1159.0,1.9026749011606217e-29,1.3069696422791852,9.572487503781452e-12,5.1497492591954786e-11,1.1781414435080314e-11,5.6418605015887626e-11,6.113676711782423e-12,3.326916755271262e-11,2.4940278731491345e-12,1.8655081426045754e-11,1.2733285876998005e-28,True
theta_power_EEG T3,Control,COBRAD,Mann-Whitney U,4056.0,5.8060373449573483e-11,0.4888749601972052,1.0688056348843332e-11,2.1193510653417667e-11,1.5591882038057816e-11,3.147874582426163e-11,5.934378955227285e-12,1.460396266171121e-11,3.2589094413398414e-12,7.876597093932725e-12,1.0052243761418693e-10,True
alpha_power_EEG T3,Control,COBRAD,Mann-Whitney U,7011.0,0.08265199570008865,0.11300738249860225,9.77969397701211e-12,1.1420770456259847e-11,1.2394597722837058e-11,1.869317322686776e-11,5.921005725330047e-12,7.431805384097148e-12,3.199292791520271e-12,3.689534867362961e-12,0.0898840453238464,False
beta_power_EEG T3,Control,COBRAD,Mann-Whitney U,5533.0,3.4295778158759356e-05,0.4767342791038046,1.0114292387417149e-11,2.0999830005358974e-11,9.052003843751168e-12,3.98081528804468e-11,7.459005638328749e-12,1.1148486371613488e-11,3.1909749678852036e-12,4.672870280108217e-12,4.736083650495339e-05,True
gamma_power_EEG T3,Control,COBRAD,Mann-Whitney U,2981.0,1.0444214571308765e-16,0.28397238390830615,7.49234362045818e-12,1.0784206874854383e-10,7.781259745411737e-12,6.533756471570063e-10,4.8634455243222896e-12,1.5638261211747743e-11,2.348402699770834e-12,8.396080527547668e-12,2.3448946263325487e-16,True
skewness_EEG T3,Control,COBRAD,Mann-Whitney U,5012.0,5.991176099391522e-07,0.5460369664013454,-0.07550712475225994,0.013783076166192912,0.14048187603722442,0.20902256561646765,-0.0930612650990415,0.014798624179543642,0.06641383698025219,0.09523843521131442,8.87203950037553e-07,True
kurtosis_EEG T3,Control,COBRAD,Mann-Whitney U,768.0,1.1255199760954059e-32,1.7331777570954994,1.1379725665403322,4.0237396213888035,1.0639588962216018,2.5964042979088826,0.8874232303627063,3.274209299818593,0.29971066221009535,0.9332202725141603,1.4506701914118565e-31,True
mean_mpf_EEG T3,Control,COBRAD,Mann-Whitney U,9411.0,0.02985386463097863,-0.19393128598589945,10.58936598519708,10.11715744904,2.3148707416715952,2.703464005876006,10.393304902359148,9.69968618339007,1.3049433358531015,1.1255419240337243,0.03406277013632972,True
median_mpf_EEG T3,Control,COBRAD,Mann-Whitney U,10139.0,0.000785652554815086,-0.3132726342559888,10.563616842207443,9.77813975232983,2.3433827262617575,2.8654836187697117,10.344142927899306,9.41971502441719,1.2990931950751516,1.3320576105625932,0.0010088822475116234,True
pswe_percentage_EEG T3,Control,COBRAD,Mann-Whitney U,612.0,1.5188602444853042e-39,1.3424013281389793,1.392035725296552,11.432666843859584,7.593709749910833,7.196016045666632,0.0,10.90712776471721,0.0,4.009458811910935,1.3214084127022148e-37,True
pswe_events_per_minute_EEG T3,Control,COBRAD,Mann-Whitney U,742.0,3.0709918986100227e-38,1.9355099263764073,0.08877526533996113,0.7578432475814147,0.3098140277612496,0.419980954588909,0.0,0.7006773178990677,0.0,0.2654091860698909,1.526721686737554e-36,True
pswe_avg_length_EEG T3,Control,COBRAD,Mann-Whitney U,1998.5,8.596438243614468e-27,1.5786042466743313,1.633359735654608,6.0454228345492735,3.153623438482751,1.6273547288490176,0.0,6.191838637251241,0.0,1.1766536485989008,3.786785454149158e-26,True
dfv_mean_EEG T3,Control,COBRAD,Mann-Whitney U,11614.0,8.396372100034557e-09,-0.48478203634939404,6.553539051175398,5.41903829500882,1.9627523117304861,3.0670847965268075,6.527777777777778,4.93337965130217,1.0992458834924586,1.1170598219435202,1.3590406934009422e-08,True
dfv_std_EEG T3,Control,COBRAD,Mann-Whitney U,4921.0,2.751431047135694e-07,0.5141546140433861,4.65697029373333,5.5544598243856536,1.7738579450805785,1.675121728271763,4.266861741834828,5.566764958030275,0.8591725178064791,1.0039530611655434,4.1271465707035413e-07,True
min_EEG T4,Control,COBRAD,Mann-Whitney U,13993.0,5.675320084289213e-22,-1.0636946290701321,-4.944708021127848e-05,-0.00010898778204773414,2.9982308518452056e-05,9.241052251703762e-05,-4.176894923320526e-05,-8.699593117829967e-05,1.08411615923849e-05,2.8662034849556506e-05,1.5800091114661169e-21,True
max_EEG T4,Control,COBRAD,Mann-Whitney U,2082.0,1.6080483279983708e-22,1.1434146202680424,4.6871851581822093e-05,0.00010752691417451605,2.8512171185434755e-05,8.749924478956316e-05,3.8793278043661546e-05,8.495651023020665e-05,1.0182038271698136e-05,2.8149361779234687e-05,4.624800149945727e-22,True
mean_EEG T4,Control,COBRAD,Mann-Whitney U,9502.0,0.020327576642289576,-0.13327995688403713,1.2595395286944509e-08,-2.024040079638865e-09,1.291551534811868e-07,2.7961403561481303e-08,4.3719046180155806e-09,-3.241443235805248e-09,1.3887493207870993e-08,1.0170417147257429e-08,0.02357998890505591,True
median_EEG T4,Control,COBRAD,Mann-Whitney U,13039.0,6.404735205706521e-16,-0.9708717423641665,1.1002832261891615e-07,-3.185555116238059e-08,1.5337875259718087e-07,1.2693001335277893e-07,8.87124514307327e-08,-1.139212380886609e-08,6.330895466699601e-08,5.8763637648922505e-08,1.3673913199913309e-15,True
std_EEG T4,Control,COBRAD,Mann-Whitney U,3884.0,8.562554266087665e-12,0.7798849664504601,6.771572061527461e-06,1.0932509365593283e-05,2.5864330830063517e-06,9.008787852309478e-06,6.2392977109566975e-06,8.6326896167029e-06,1.298088853390276e-06,2.1850854523179078e-06,1.53596334257655e-11,True
psd_mean_EEG T4,Control,COBRAD,Mann-Whitney U,3032.0,2.0943482568306643e-16,0.47287620681877646,1.0705186034684878e-12,7.254770505505579e-12,1.058021617577428e-12,2.4128432733313993e-11,7.483968915179068e-13,1.9461046544493534e-12,3.06408777706166e-13,9.926501606802587e-13,4.583856562119944e-16,True
psd_std_EEG T4,Control,COBRAD,Mann-Whitney U,2747.0,3.931132165413403e-18,0.371021105033379,2.3098637443231044e-12,2.2551832256995355e-11,2.7190231983124123e-12,1.0080208953673426e-10,1.4032223600120902e-12,4.54419228146494e-12,6.093728594975661e-13,2.521057733332596e-12,9.370095846327838e-18,True
fft_mean_EEG T4,Control,COBRAD,Mann-Whitney U,1767.0,8.946575543538354e-25,1.5469629568033878,0.0025081992172727397,0.0055320323919078795,0.001014622978116487,0.003251953237081535,0.0022637174574276,0.0046801432591669564,0.0004747109341736999,0.0014571386654494954,3.1448568577286333e-24,True
fft_std_EEG T4,Control,COBRAD,Mann-Whitney U,1450.0,3.700986005789525e-27,0.997384485928449,0.003280702826654439,0.008323203938072453,0.001556954283788403,0.009030190728823948,0.0029000240238233,0.00634561446449545,0.0007891221103456998,0.0016267729350201258,1.6946620131773088e-26,True
delta_power_EEG T4,Control,COBRAD,Mann-Whitney U,1305.0,2.753431753102808e-28,0.6004880669212429,9.217645556695177e-12,8.055919222593358e-11,1.1999500342325962e-11,2.189084001343376e-10,5.839691703810221e-12,3.008772642806541e-11,2.0704537097260075e-12,1.5703831948061714e-11,1.4518094698178443e-27,True
theta_power_EEG T4,Control,COBRAD,Mann-Whitney U,4180.0,2.2001847150569215e-10,0.49524544483842214,1.0127909154586293e-11,2.9145024367030475e-11,1.3721192192444872e-11,6.772663561292403e-11,5.7831414163001884e-12,1.2617615228047815e-11,3.02470809304368e-12,6.036788008500321e-12,3.734947711413701e-10,True
alpha_power_EEG T4,Control,COBRAD,Mann-Whitney U,6823.0,0.04117944279012004,0.3004279497653303,9.456050729971193e-12,1.489889302327081e-11,1.121979320218819e-11,2.8597879519773175e-11,6.09541734603579e-12,6.769861920583422e-12,3.163659509187102e-12,3.0630687676877382e-12,0.046227245454715404,True
beta_power_EEG T4,Control,COBRAD,Mann-Whitney U,5139.0,1.7129240882979587e-06,0.5443514416673129,1.0057178239823783e-11,2.843446986354335e-11,8.980161558196554e-12,6.084799719879554e-11,7.417917804178028e-12,1.2261390713437436e-11,3.2203229998909304e-12,5.797274000858533e-12,2.4941321453041407e-06,True
gamma_power_EEG T4,Control,COBRAD,Mann-Whitney U,3037.0,2.241375365566443e-16,0.3374051017424756,7.476071560363014e-12,1.2021857515182697e-10,8.141669465099776e-12,6.177918382694986e-10,4.714670993204756e-12,1.665924914059332e-11,2.2173470870937557e-12,1.0320092462664303e-11,4.874991420107014e-16,True
skewness_EEG T4,Control,COBRAD,Mann-Whitney U,3758.0,2.006455262303546e-12,0.8826430224766719,-0.10127908385385204,0.015779506700594116,0.1325555677692788,0.13278535040845876,-0.103983447110661,0.007007827166364817,0.0663020403445069,0.06750216318094912,3.6749812172717574e-12,True
kurtosis_EEG T4,Control,COBRAD,Mann-Whitney U,919.0,2.083079897866989e-31,1.2501424429995698,1.0932889440390725,3.994424026881443,1.797308237344428,3.255783140724907,0.7595560737410514,2.8615113093427835,0.3070366514945553,1.068621913140209,2.013643901271423e-30,True
mean_mpf_EEG T4,Control,COBRAD,Mann-Whitney U,9346.0,0.03881423206682495,-0.15756015318601363,10.664918628959654,10.287164879850678,2.281412007497068,2.6575692280990575,10.481020001855974,9.955326961341179,1.4416170920007279,1.1454763762208495,0.04371311572574461,True
median_mpf_EEG T4,Control,COBRAD,Mann-Whitney U,9910.0,0.002837617812814995,-0.248708716059906,10.630194094514788,10.017763467349377,2.3159460676622587,2.7852238223198333,10.41385282439289,9.605472640515233,1.3033981111663486,1.3203045556227373,0.0035017411307078665,True
pswe_percentage_EEG T4,Control,COBRAD,Mann-Whitney U,855.0,3.01164081080617e-37,1.1720730789401064,1.4510037380980452,9.506724667688522,7.0777157946877365,6.350589898252185,0.0,8.686864000941306,0.0,3.9974247291778053,9.5277363832777e-36,True
pswe_events_per_minute_EEG T4,Control,COBRAD,Mann-Whitney U,1017.0,1.1355438830398252e-35,1.4644125569907231,0.1008032558340706,0.6320832556904139,0.3551396707525746,0.3806791376779407,0.0,0.5967796996433736,0.0,0.1986985252590988,2.0798382699887324e-34,True
pswe_avg_length_EEG T4,Control,COBRAD,Mann-Whitney U,2420.5,1.7080219281238588e-23,1.5866372490389518,1.594179972430814,5.695800124215063,2.9196410875826304,1.4922008248604255,0.0,5.575143821695217,0.0,0.9718190172519359,5.2601029290894054e-23,True
dfv_mean_EEG T4,Control,COBRAD,Mann-Whitney U,11549.0,1.5636542443340985e-08,-0.4411953933354205,6.644153593946661,5.549373097127975,2.1524426065075297,3.137801332079722,6.70045871559633,4.977801543873795,1.1977868984387579,1.0337169225133152,2.4734167137648467e-08,True
dfv_std_EEG T4,Control,COBRAD,Mann-Whitney U,5234.0,3.6583425876515223e-06,0.4880687888163438,4.638068758240577,5.479114401265515,1.7378561760759093,1.6872484028932528,4.210760715994225,5.323321420336461,0.8792306423021086,0.8418695340379645,5.28258597718975e-06,True
min_EEG T5,Control,COBRAD,Mann-Whitney U,14520.0,9.240260403677954e-26,-1.269498309750916,-4.9433251988061045e-05,-0.00010978571157674386,3.2419470585793385e-05,7.201204856869402e-05,-4.329127749612202e-05,-8.728651647577386e-05,1.06552331988034e-05,2.6137872628665796e-05,3.5336380444834377e-25,True
max_EEG T5,Control,COBRAD,Mann-Whitney U,1720.0,4.0321668723212263e-25,1.3057939969848416,4.9986932672275246e-05,0.00010993853042878881,3.277449259888503e-05,6.789192876680697e-05,4.1534026884412223e-05,9.132173053810762e-05,1.0666814039843687e-05,2.8440573445351275e-05,1.4616604912164445e-24,True
mean_EEG T5,Control,COBRAD,Mann-Whitney U,8455.0,0.5386356952185813,-0.0666823126074831,6.938611791002525e-09,3.2112440717643786e-09,6.450037452302591e-08,2.486340455047946e-08,4.03365285555099e-09,7.780581038957625e-10,1.2898580297561783e-08,8.221424443137071e-09,0.5562172757746775,False
median_EEG T5,Control,COBRAD,Mann-Whitney U,10091.0,0.0010394789485372417,-0.22766286919318332,3.884582543921552e-08,-2.9442866064298657e-09,1.8268229348560534e-07,1.8567135605782563e-07,3.6987185092980985e-08,-1.0844661295931682e-09,8.188279577454404e-08,5.1348043760257884e-08,0.0013250500882452752,True
std_EEG T5,Control,COBRAD,Mann-Whitney U,4549.0,9.157266914896483e-09,0.6380256628495752,7.4353682052577205e-06,1.0900659530145245e-05,2.6994773248594886e-06,9.123879446921608e-06,7.061446903858252e-06,9.265986451125174e-06,1.6678899954720447e-06,2.1733546606784595e-06,1.475337447399989e-08,True
psd_mean_EEG T5,Control,COBRAD,Mann-Whitney U,4055.0,5.743060070329145e-11,0.30950074318346105,1.3488443206256242e-12,6.653938078607116e-12,1.140762953662388e-12,3.1648062384857614e-11,1.0093093353634107e-12,1.8956935552008513e-12,4.529958185055049e-13,8.163018234531295e-13,9.992924522372713e-11,True
psd_std_EEG T5,Control,COBRAD,Mann-Whitney U,3987.0,2.719040295576454e-11,0.25704963220470434,3.032055696251366e-12,2.2853009900333373e-11,3.0563040293152842e-12,1.4251593554264765e-10,2.040878483382767e-12,4.577997583687333e-12,1.014428930074541e-12,2.192879700519963e-12,4.7789193073767977e-11,True
fft_mean_EEG T5,Control,COBRAD,Mann-Whitney U,1285.0,1.9157593071889565e-28,1.6604421455661953,0.0025816920921846653,0.0055619121006876245,0.0009531561538768087,0.0029695361594560344,0.0023449212152103,0.005026334782094107,0.0004870484393605006,0.001306025155008125,1.0582289506377093e-27,True
fft_std_EEG T5,Control,COBRAD,Mann-Whitney U,1831.0,2.6236812302041752e-24,0.8444063607303609,0.0037202159917601643,0.008156250730159683,0.0016356726448165635,0.009375846268358296,0.0034064149231483,0.006682057355042585,0.0009617839307549999,0.001850551368992013,8.695629220105267e-24,True
delta_power_EEG T5,Control,COBRAD,Mann-Whitney U,1578.0,3.503429451216215e-26,1.3649609859001215,1.0161742452193767e-11,4.281129156460399e-11,1.017448039315731e-11,4.130540852903781e-11,7.374882561818348e-12,2.9553198667422815e-11,2.9262375488139216e-12,1.45025304179123e-11,1.4343452341449915e-25,True
theta_power_EEG T5,Control,COBRAD,Mann-Whitney U,5567.0,4.360289492618315e-05,0.31546757953843896,1.3198249705211218e-11,1.885878177873219e-11,1.5506120745709267e-11,2.2786547023903358e-11,7.943830651112702e-12,1.2843386932595916e-11,4.468231432588093e-12,6.029363477604918e-12,5.9272685290280215e-05,True
alpha_power_EEG T5,Control,COBRAD,Mann-Whitney U,8570.0,0.42244246275534225,-0.10328388875428551,1.3106590933051181e-11,1.1632759602019081e-11,1.3842770459148445e-11,1.5253441502316763e-11,8.184439809724036e-12,7.638189330535837e-12,4.710293093289967e-12,3.4038739464221926e-12,0.44147140251909645,False
beta_power_EEG T5,Control,COBRAD,Mann-Whitney U,6363.0,0.005254981217261538,0.44927079624290195,1.3192243229444025e-11,2.2179219125299125e-11,1.1044151566808141e-11,3.276020470622584e-11,9.52610814381722e-12,1.23641760173589e-11,4.752155541021652e-12,5.516813036991392e-12,0.006371893601418172,True
gamma_power_EEG T5,Control,COBRAD,Mann-Whitney U,2017.0,5.627663465218594e-23,0.27313054315833507,7.063666527993969e-12,1.381311192611258e-10,7.731239167920852e-12,8.873236967907171e-10,4.935300719918795e-12,1.843358662169955e-11,2.1457796902230244e-12,9.616360745112496e-12,1.645736878904261e-22,True
skewness_EEG T5,Control,COBRAD,Mann-Whitney U,6530.0,0.01177015980854446,-0.010562627157704011,0.01474068745720227,0.012560005703842666,0.23483963945274883,0.1109525371309171,-0.0420952646571744,0.0002273584475856106,0.08335769263995971,0.04894959538312041,0.014027450730731068,True
kurtosis_EEG T5,Control,COBRAD,Mann-Whitney U,963.0,4.820502956940554e-31,1.1274916973259808,1.1465077974277957,4.121825163466212,2.0223192889495705,3.730667387662808,0.6716128653457538,3.23085738102102,0.2823176485224441,1.0343585372727175,4.301371869270033e-30,True
mean_mpf_EEG T5,Control,COBRAD,Mann-Whitney U,7577.0,0.4158783025316548,0.14677746652015466,10.270958321604553,10.602065996769742,2.066999514134641,2.657865644530455,10.03582912202326,10.23330188680766,1.2652457465964844,1.0944953295386695,0.4359206303645057,False
median_mpf_EEG T5,Control,COBRAD,Mann-Whitney U,8297.0,0.7206990127876656,0.037600735186270516,10.296200016956249,10.382763839568222,2.066952955582335,2.7905148959073056,9.96491122025154,9.856735881426623,1.200763593396811,1.3441617633198835,0.7294268797456079,False
pswe_percentage_EEG T5,Control,COBRAD,Mann-Whitney U,912.0,7.054910991158307e-36,1.1274824175278133,1.3773811355204482,9.407043641451958,7.157859516956813,7.033651751183118,0.0,8.733737418917134,0.0,4.279169451504954,1.5344431405769316e-34,True
pswe_events_per_minute_EEG T5,Control,COBRAD,Mann-Whitney U,1025.0,8.277519560292285e-35,1.3444014586290907,0.09612573453790872,0.6148229821711229,0.3757715730641466,0.40911550406546593,0.0,0.5707580362252324,0.0,0.23404321453343357,1.3717032414198643e-33,True
pswe_avg_length_EEG T5,Control,COBRAD,Mann-Whitney U,2893.0,1.4537136756306083e-19,1.4095430158058817,1.8249120175524525,5.623772791731039,2.9864919810663246,1.8048575484530902,0.0,5.654088411222784,0.0,1.016291765707809,3.719796758231262e-19,True
dfv_mean_EEG T5,Control,COBRAD,Mann-Whitney U,11242.0,2.544676669927642e-07,-0.41772918627685784,6.689034696454228,5.7575022476036875,1.804668031032481,3.02080136416073,6.588699080157688,5.28695968982486,0.9948625636779278,1.3092659234868698,3.8335388793715124e-07,True
dfv_std_EEG T5,Control,COBRAD,Mann-Whitney U,3741.0,1.6444901300509151e-12,0.8830753286101367,4.3339129012230035,5.697334521946985,1.5230894004474187,1.5932883593344507,3.995367226127583,5.515871944789094,0.8103040140065421,0.9565776868333646,3.027950080728669e-12,True
min_EEG T6,Control,COBRAD,Mann-Whitney U,14235.0,1.1317496644894917e-23,-1.1763483017751117,-4.882031498468712e-05,-0.0001067758305549566,2.8414853032123392e-05,7.966767477053264e-05,-4.21525377244821e-05,-8.373799280988998e-05,1.0415136834114637e-05,2.3903427709749706e-05,3.516507886092349e-23,True
max_EEG T6,Control,COBRAD,Mann-Whitney U,1822.0,2.2567633607946795e-24,1.2112304503474818,4.757353030636591e-05,0.00010816482469934781,3.296388087835329e-05,7.699639327379536e-05,3.952941181200384e-05,8.913926404225829e-05,1.076518473917085e-05,2.680537252967673e-05,7.551477399582196e-24,True
mean_EEG T6,Control,COBRAD,Mann-Whitney U,8293.0,0.7255812384045158,-0.009943698329176489,3.6830758906454566e-09,3.30238647100524e-09,4.281853876785157e-08,2.3997880513216713e-08,2.016091052652775e-09,1.7288599318096322e-09,1.56456558282423e-08,1.1303540256612056e-08,0.7297753496091662,False
median_EEG T6,Control,COBRAD,Mann-Whitney U,12672.0,7.23208737429124e-14,-0.9358867390471248,1.0754106181344317e-07,-1.766114721216907e-08,1.3426177143684205e-07,1.3260434017109529e-07,9.339636517918185e-08,-1.3660837610095644e-08,7.126194185281619e-08,6.097718585674263e-08,1.4139137113782875e-13,True
std_EEG T6,Control,COBRAD,Mann-Whitney U,4579.0,1.2209277866171193e-08,0.664003573168769,7.3104091677316605e-06,1.0930980680434993e-05,2.7344328053083872e-06,9.142253745394725e-06,6.732264226081357e-06,8.60451666708891e-06,1.505525483040104e-06,2.0166616925497566e-06,1.9490039896456768e-08,True
psd_mean_EEG T6,Control,COBRAD,Mann-Whitney U,3814.0,3.843466685560838e-12,0.34507094791635684,1.2986082385918512e-12,8.822678733960933e-12,1.1528537214831952e-12,4.028207949062161e-11,9.06848714958636e-13,1.9528069892940694e-12,3.8933335918981316e-13,9.208845680432162e-13,6.930188635104516e-12,True
psd_std_EEG T6,Control,COBRAD,Mann-Whitney U,3778.0,2.5331204470944024e-12,0.27597914491674297,2.9271365209400324e-12,2.9820930806531607e-11,2.9218797996509944e-12,1.801503084358922e-10,1.8754728743752528e-12,4.291747004923952e-12,8.775600359592955e-13,1.9752585421531856e-12,4.591280810358604e-12,True
fft_mean_EEG T6,Control,COBRAD,Mann-Whitney U,1584.0,3.888591487766154e-26,1.6251452233893768,0.002554913519069534,0.005616469353177132,0.0010034867679215226,0.0031144630002615434,0.0023797651561212,0.004604614722053174,0.0004538988594504998,0.0012938508295264365,1.5735230671425834e-25,True
fft_std_EEG T6,Control,COBRAD,Mann-Whitney U,1910.0,9.755048305685096e-24,0.8810321190667685,0.0036544984558307507,0.008212750912490468,0.001633690284796813,0.009223947377256939,0.0032369303053638,0.006329171915139261,0.000891113470935,0.001453692702334365,3.114455789337994e-23,True
delta_power_EEG T6,Control,COBRAD,Mann-Whitney U,1462.0,4.5775091959684586e-27,0.7713648226906366,1.0159597470997722e-11,6.356485417064675e-11,1.2017254620101412e-11,1.2666086217888525e-10,7.335959598447538e-12,2.8382535796984723e-11,2.6168091207737884e-12,1.3386825283334335e-11,2.0422733335859276e-26,True
theta_power_EEG T6,Control,COBRAD,Mann-Whitney U,5318.0,7.019901582044085e-06,0.4854401184125685,1.2424947501761233e-11,2.481876584312378e-11,1.4604252401866862e-11,4.13887192184011e-11,7.1444481738620916e-12,1.1692370837993716e-11,4.052409834079447e-12,4.900549662038562e-12,1.0053192389100172e-05,True
alpha_power_EEG T6,Control,COBRAD,Mann-Whitney U,8295.0,0.7231387169891803,0.10518278341523468,1.2365136616580047e-11,1.3954403744144125e-11,1.2851690368925745e-11,1.952091839474135e-11,7.970419762998424e-12,7.144153417470175e-12,4.186537636731868e-12,3.0751988931224947e-12,0.7294268797456079,False
beta_power_EEG T6,Control,COBRAD,Mann-Whitney U,6114.0,0.0013908267194638253,0.5768461987328785,1.248742997082366e-11,2.9594615823132145e-11,1.0896484803782328e-11,5.2157223033194955e-11,9.38157713793286e-12,1.3002944997618291e-11,4.017745309593525e-12,6.8871629529788894e-12,0.0017600279940851316,True
gamma_power_EEG T6,Control,COBRAD,Mann-Whitney U,2421.0,3.2082326815853204e-20,0.2844847473014945,7.253430086286691e-12,1.7960280145324208e-10,1.2484999886527156e-11,1.1201671399744829e-09,4.513458994225662e-12,1.7262566964237595e-11,1.830727713650221e-12,1.0160992588095493e-11,8.331828158146952e-20,True
skewness_EEG T6,Control,COBRAD,Mann-Whitney U,3096.0,4.966659175707026e-16,0.763932171517231,-0.09601088422466733,0.013585366213417622,0.12740702824791417,0.17636795636833524,-0.0967287326389643,0.026218150917228462,0.059305690520169194,0.0651944588008356,1.0669119710778057e-15,True
kurtosis_EEG T6,Control,COBRAD,Mann-Whitney U,720.0,4.395627037168319e-33,1.0243370510721626,0.9956097457401585,4.39366088413668,2.380814449402866,4.89051789751566,0.5764946210216895,3.029721216700679,0.19902689503163712,1.1158088649232538,5.883377726671442e-32,True
mean_mpf_EEG T6,Control,COBRAD,Mann-Whitney U,7753.0,0.5982481587329312,0.13475283891539522,10.21851240567796,10.526152089156792,2.132233451075258,2.6120343491689977,9.982761993132309,10.108200350917915,1.1997719884935805,0.943464794387328,0.6123245859972355,False
median_mpf_EEG T6,Control,COBRAD,Mann-Whitney U,8520.0,0.4710631472315254,0.026053931332803475,10.236377114087286,10.297721011435744,2.167053101622466,2.7558089099129,10.072745252483571,9.85199230315238,1.1664350223705586,0.969348413018488,0.4878868310612227,False
pswe_percentage_EEG T6,Control,COBRAD,Mann-Whitney U,1166.0,4.11072007671838e-33,0.9521046034999714,1.9205322427264166,8.900309247860013,7.624186856235338,6.567221096221827,0.0,8.163647928040595,0.0,3.2310520685401394,5.722122346791985e-32,True
pswe_events_per_minute_EEG T6,Control,COBRAD,Mann-Whitney U,1288.0,5.171935368944728e-32,1.047609216037537,0.13649520177334298,0.5870753458470362,0.44953399600115523,0.37898602927817493,0.0,0.5395394821364281,0.0,0.19330068694108085,5.293627965861075e-31,True
pswe_avg_length_EEG T6,Control,COBRAD,Mann-Whitney U,3005.0,1.3854329558095093e-18,1.2915347690085979,1.9745597979065188,5.5714078514046514,3.155962930492299,1.5563617238513323,0.0,5.727907234645194,0.0,0.9938536262335154,3.3715431372147497e-18,True
dfv_mean_EEG T6,Control,COBRAD,Mann-Whitney U,11391.0,6.773565754765636e-08,-0.38353068410658986,6.695186375098171,5.796098661064481,1.989064705832755,3.0363877767213987,6.74189364461738,5.153692128231038,1.124385425150062,1.0588691535057912,1.0293453636063062e-07,True
dfv_std_EEG T6,Control,COBRAD,Mann-Whitney U,3674.0,7.453088480420758e-13,0.8887250151259726,4.296369021119705,5.701845734323342,1.5240629191539092,1.7123826922332313,4.004047206372897,5.341016076395128,0.8433951022673574,0.7371926771923705,1.3869918669446117e-12,True
